filename,mood,energy,valence,arousal,color_temperature,complexity,motion_speed,style,brightness,label_source
(A1) - All Automatic.mp3,energetic,1.0,,,0.58,0.888,0.906,lorenz,0.347,clap
(A2) - Double Postpone.mp3,neutral,1.0,,,0.066,0.886,0.86,chladni,0.474,clap
(B1) - Exomove.mp3,neutral,0.696,,,0.358,0.92,0.938,thomas,0.586,clap
(BAP064b1) Palermo Disco Squad - Sicilian Nights '16.mp3,aggressive,1.0,,,0.828,0.945,0.894,lorenz,0.247,clap
01 - Dark Matter.mp3,calm,0.309,,,0.025,0.79,0.683,chladni,0.371,clap
01 - Digital Tsunami.mp3,neutral,1.0,,,0.009,0.627,0.264,chladni,0.486,clap
01 - Endless Journey.mp3,neutral,1.0,,,0.062,0.918,0.421,lorenz,0.322,clap
01 - Five Years.mp3,calm,0.159,,,0.1,0.014,0.085,dejong,0.525,clap
01 - Plant43 - Halflight - 2013.mp3,energetic,1.0,,,0.268,0.491,0.344,thomas,0.615,clap
01 - Secret State - CIA UFO Google Search.flac,energetic,1.0,,,0.407,0.858,0.71,lorenz,0.289,clap
01 - War Pigs.mp3,energetic,1.0,,,0.042,0.695,0.17,thomas,0.441,clap
01 - helena hauff - nothing is what i know.mp3,neutral,1.0,,,0.551,0.603,0.525,thomas,0.52,clap
01 -juanita kiteless to dream of love.mp3,neutral,0.415,,,0.112,0.425,0.473,chladni,0.398,clap
01 Apparatus.mp3,neutral,1.0,,,0.108,0.782,0.765,dejong,0.624,clap
01 Der Klang der Familie.mp3,neutral,0.634,,,0.263,0.605,0.45,aizawa,0.855,clap
01 EQD#010A.mp3,energetic,1.0,,,0.089,0.478,0.082,lorenz,0.256,clap
01 Move.flac,neutral,0.609,,,0.475,0.554,0.649,chladni,0.401,clap
01 Muschi Muschi.mp3,neutral,1.0,,,0.176,0.442,0.598,lorenz,0.301,clap
01 Packed Like Sardines In A Crushed.mp3,neutral,0.66,,,0.506,0.3,0.144,chladni,0.252,clap
01 Sudan Sedan.mp3,neutral,1.0,,,0.045,0.739,0.114,lorenz,0.244,clap
01 Vainquer - Lyot (Maurizo Mix).mp3,calm,0.79,,,0.059,0.881,0.161,dejong,0.646,clap
01-04. Pollon - Lost Souls.mp3,neutral,0.928,,,0.019,0.726,0.23,lorenz,0.259,clap
01-Beach of Rain.mp3,energetic,0.899,,,0.405,0.752,0.169,lorenz,0.175,clap
01-Shlomi Aber & Kashpitzky-By Myself_(www.electrobuzz.pro).mp3,energetic,1.0,,,0.112,0.415,0.109,lorenz,0.093,clap
01-blanka-la_buena_suerte.mp3,neutral,1.0,,,0.426,0.728,0.411,chladni,0.19,clap
01-deas-red_source_(original_mix).mp3,neutral,1.0,,,0.117,0.465,0.265,lorenz,0.236,clap
01-december-an_accident_in_favor_of_human_life_(original_mix).mp3,energetic,1.0,,,0.046,0.956,0.134,thomas,0.472,clap
01-dj_europarking_x_dollkraut--boompahpah-4ba1dca5.mp3,neutral,1.0,,,0.14,0.622,0.639,chladni,0.385,clap
01-dj_savage-prosperidad-c58d4eb7.mp3,energetic,1.0,,,0.142,0.692,0.112,thomas,0.511,clap
01-joshua_calleja--blonde_dimension-eb00930f.mp3,energetic,1.0,,,0.189,0.426,0.065,lorenz,0.243,clap
01-keepsakes-dog_anonymous_fluid.mp3,neutral,1.0,,,0.215,0.983,0.58,lorenz,0.261,clap
01-regent-oil_rigger.mp3,neutral,1.0,,,0.094,0.704,0.069,lorenz,0.214,clap
01-taube-higher_purpose.mp3,neutral,1.0,,,0.432,0.948,0.625,lorenz,0.361,clap
01-vainquer_-_lyot_(maurizo_mix).mp3,calm,0.78,,,0.083,0.865,0.092,dejong,0.654,clap
01. Esoterik - Mayhem.mp3,energetic,1.0,,,0.019,0.628,0.156,lorenz,0.193,clap
01. Leinad - From Skimask 2 Facemask (Calling Pablo Remix).flac,energetic,1.0,,,0.026,0.736,0.07,lorenz,0.289,clap
01. Nasty Habits - Shadow Boxing (Om Unit Remix).mp3,calm,0.394,,,0.082,0.988,0.397,dejong,1.0,clap
01_3_phase_feat._dr.motte_-_der_klang_der_familie-drum.mp3,neutral,0.284,,,0.008,0.405,0.389,dejong,0.715,clap
01_Nasty (Feat. DJ Fuckoff).mp3,neutral,1.0,,,0.113,0.653,0.342,dejong,0.533,clap
02 - Loner.mp3,neutral,1.0,,,0.26,0.621,0.248,thomas,0.537,clap
02 - Soul Love.mp3,neutral,0.388,,,0.649,0.209,0.109,dejong,0.627,clap
02 - Strange Signals.mp3,neutral,1.0,,,0.337,0.584,0.343,thomas,0.59,clap
02 Don't Laugh (Live Raw Mix).mp3,neutral,0.884,,,0.179,0.37,0.239,chladni,0.121,clap
02 Doschitai.mp3,neutral,1.0,,,0.161,0.616,0.171,thomas,0.628,clap
02 Drugs Work.mp3,neutral,0.459,,,0.03,0.875,0.689,chladni,0.329,clap
02 Jeru.flac,neutral,0.746,,,0.396,0.571,0.69,chladni,0.328,clap
02 Pulse Versus 3 Phase - Das Rennen.mp3,energetic,0.467,,,0.134,0.902,0.715,thomas,0.435,clap
02 Pyramid.mp3,neutral,0.912,,,0.847,0.319,0.107,chladni,0.159,clap
02-Questioning Reality.mp3,aggressive,1.0,,,0.14,0.595,0.198,lorenz,0.048,clap
02-arkan--kyrylivska_41-15faa466.mp3,energetic,1.0,,,0.123,0.542,0.175,lorenz,0.271,clap
02-augusto_taito-moments_of_truth.mp3,aggressive,1.0,,,0.169,0.566,0.147,lorenz,0.196,clap
02-bipolar_state_and_pacific_state-lunar__kaiser_remix.mp3,neutral,1.0,,,0.152,0.353,0.087,lorenz,0.273,clap
02-blawan-lox.mp3,neutral,1.0,,,0.119,0.85,0.17,chladni,0.154,clap
02-december-no_photographs_and_only_memories_(original_mix).mp3,neutral,0.667,,,0.344,0.87,0.816,thomas,0.594,clap
02-endlec-clockmaker.mp3,energetic,1.0,,,0.257,0.685,0.152,lorenz,0.332,clap
02-falling_apart--third_fragment-dh.mp3,neutral,1.0,,,0.167,0.531,0.043,lorenz,0.286,clap
02-joshua_calleja--blonde_dimension_(jason_patrick_x_mike_derer_remix)-78fc240c.mp3,aggressive,1.0,,,0.027,0.796,0.07,lorenz,0.089,clap
02-kriz-power_of_the_prophet.mp3,energetic,1.0,,,0.216,0.755,0.46,lorenz,0.227,clap
02-len_faki-temple.mp3,aggressive,1.0,,,0.113,0.313,0.273,lorenz,0.105,clap
02-radiation_30376_-_nietoperz-tr.mp3,calm,0.667,,,0.102,0.915,0.798,chladni,0.188,clap
02-swooh--freaky_fight-aaf2fdf0.mp3,neutral,0.878,,,0.137,0.873,0.19,aizawa,0.82,clap
02-unklevon-san_telmo_(dubmix).mp3,neutral,1.0,,,0.354,0.79,0.593,dejong,0.543,clap
02. Marcelus - Y02.mp3,neutral,1.0,,,0.117,0.697,0.099,lorenz,0.29,clap
02. Mononom - Shrinking.mp3,neutral,1.0,,,0.035,0.976,0.657,chladni,0.393,clap
02_Overwatch.mp3,neutral,1.0,,,0.132,0.857,0.736,aizawa,0.758,clap
02_system_01_-_drugs_work-drum.mp3,neutral,0.246,,,0.479,0.868,0.64,chladni,0.222,clap
03 - Bass Freak.mp3,neutral,1.0,,,0.316,0.919,0.812,aizawa,0.825,clap
03 - Black Sabbath.mp3,calm,0.568,,,0.815,0.964,0.294,dejong,0.706,clap
03 - Moonage Daydream.mp3,energetic,0.565,,,0.544,0.412,0.025,thomas,0.633,clap
03 Moon Dreams.flac,neutral,0.715,,,0.43,0.258,0.461,chladni,0.214,clap
03 Panagoi.mp3,energetic,0.852,,,0.039,0.955,0.529,thomas,0.405,clap
03 Push Pull Revolving Doors.mp3,neutral,1.0,,,0.01,0.723,0.04,lorenz,0.339,clap
03 Return and Revenge of Gatorade (Tanith Mix).mp3,energetic,1.0,,,0.009,0.897,0.151,lorenz,0.338,clap
03-Geotropism.mp3,aggressive,1.0,,,0.624,0.332,0.419,lorenz,0.087,clap
03-altinbas-tenacity.mp3,neutral,1.0,,,0.22,0.355,0.077,chladni,0.073,clap
03-cirkle-machina.mp3,neutral,1.0,,,0.117,0.304,0.074,lorenz,0.241,clap
03-dj_hell_-_red_bull.mp3,neutral,0.531,,,0.012,0.76,0.12,chladni,0.393,clap
03-endlec-station_zero.mp3,neutral,1.0,,,0.222,0.832,0.325,lorenz,0.369,clap
03-samuli_kemppi--anticipation-b2e5ae78.mp3,energetic,1.0,,,0.025,0.562,0.076,lorenz,0.117,clap
03-slone--slone_(ghost)-999a68ce.mp3,aggressive,1.0,,,0.26,0.535,0.134,lorenz,0.201,clap
03-zisko-be_free_this_time.mp3,neutral,1.0,,,0.255,0.488,0.39,lorenz,0.263,clap
03. Jaquarius - Metamine.mp3,calm,1.0,,,0.111,0.87,0.358,chladni,0.309,clap
03. Phara - Evoke (Original Mix).mp3,neutral,1.0,,,0.391,0.631,0.399,lorenz,0.264,clap
03_Chase Across The Bridge.mp3,neutral,1.0,,,0.237,0.98,0.847,lorenz,0.396,clap
04 - Changa.mp3,aggressive,1.0,,,0.277,0.789,0.212,lorenz,0.144,clap
04 - Methademic.mp3,neutral,1.0,,,0.073,0.766,0.122,dejong,0.565,clap
04 - N.I.T.N.T.mp3,neutral,1.0,,,0.444,0.496,0.399,dejong,0.566,clap
04 - Starman.mp3,neutral,0.434,,,0.44,0.078,0.059,dejong,0.549,clap
04 -rowla.mp3,neutral,0.21,,,0.638,0.862,0.433,waveform,0.359,clap
04 Electro Raw.mp3,calm,0.504,,,0.534,0.92,0.909,dejong,0.683,clap
04 San Telmo.mp3,neutral,1.0,,,0.348,0.954,0.771,thomas,0.575,clap
04 Teka.mp3,neutral,1.0,,,0.146,0.482,0.109,lorenz,0.342,clap
04 Venus De Milo.flac,neutral,0.927,,,0.492,0.44,0.781,lorenz,0.296,clap
04 You And Whose Army.mp3,melancholic,0.805,,,0.77,0.159,0.064,chladni,0.146,clap
04-Nebula.mp3,aggressive,1.0,,,0.284,0.492,0.391,lorenz,0.062,clap
04-dave_the_drummer_-_hydraulix_13.8_jeff_amadeus_and_dave_the_drummer_remix.mp3,neutral,1.0,,,0.059,0.74,0.041,lorenz,0.262,clap
04-december-modern_phobias_(original_mix).mp3,neutral,1.0,,,0.008,0.728,0.078,lorenz,0.257,clap
04-james_shinra-1310clap_(original_mix).mp3,neutral,0.831,,,0.297,0.484,0.638,aizawa,0.786,clap
04-obscure_shape-broken_circle.mp3,energetic,1.0,,,0.226,0.762,0.169,thomas,0.424,clap
04-unklevon-type-u.mp3,energetic,1.0,,,0.139,0.874,0.138,thomas,0.419,clap
04. Slaves Of Sinus - Chaos (And Me).mp3,neutral,1.0,,,0.272,0.97,0.687,thomas,0.684,clap
04_IMSI Identified.mp3,neutral,1.0,,,0.176,0.787,0.541,thomas,0.417,clap
05 - It Ain’t Easy.mp3,calm,0.232,,,0.423,0.507,0.048,dejong,0.584,clap
05 - N.I.B..mp3,energetic,1.0,,,0.149,0.758,0.271,lorenz,0.36,clap
05 -pearls girl.mp3,calm,0.259,,,0.052,0.112,0.087,chladni,0.06,clap
05 Budo.flac,neutral,0.535,,,0.531,0.718,0.948,chladni,0.464,clap
05 I Might Be Wrong.mp3,neutral,1.0,,,0.352,0.473,0.59,chladni,0.179,clap
05 Phuture 2.mp3,neutral,1.0,,,0.074,0.808,0.178,thomas,0.587,clap
05 Punk Navsegda.mp3,neutral,1.0,,,0.281,0.612,0.336,thomas,0.439,clap
05-Magny.mp3,energetic,1.0,,,0.022,0.21,0.07,lorenz,0.054,clap
05-juri-jah_-_darcknes.mp3,neutral,1.0,,,0.233,0.946,0.874,lorenz,0.332,clap
05-obscure_shape-instinct.mp3,neutral,1.0,,,0.256,0.925,0.251,lorenz,0.176,clap
05. Galaxian - Private Tyranny.mp3,neutral,1.0,,,0.026,0.786,0.214,chladni,0.314,clap
05_City Satellites.mp3,neutral,0.984,,,0.122,0.967,0.849,aizawa,0.805,clap
05_futurhythm_-_phuture_2-drum.mp3,neutral,0.917,,,0.245,0.872,0.232,thomas,0.554,clap
06 - Iron Man.mp3,calm,1.0,,,0.063,0.735,0.054,dejong,0.551,clap
06 - Lady Stardust.mp3,neutral,0.375,,,0.725,0.176,0.061,chladni,0.32,clap
06 - The Eve (James Ruskin Remix).mp3,neutral,1.0,,,0.63,0.854,0.328,thomas,0.627,clap
06 Deception.flac,neutral,0.767,,,0.675,0.446,0.896,chladni,0.424,clap
06 Knives Out.mp3,neutral,1.0,,,0.854,0.468,0.263,chladni,0.391,clap
06 Lumpy Oatmeal.mp3,aggressive,1.0,,,0.082,0.532,0.307,lorenz,0.081,clap
06-Planting Seeds (Tears of Life).mp3,neutral,0.399,,,0.027,0.752,0.024,waveform,0.146,clap
06-k-h1-moroz.mp3,neutral,1.0,,,0.077,0.509,0.044,lorenz,0.175,clap
06-mac_declos_and_anetha-push_push.mp3,neutral,1.0,,,0.163,0.387,0.161,lorenz,0.288,clap
06-seigg-secondary_options.mp3,neutral,1.0,,,0.096,0.909,0.4,lorenz,0.135,clap
06-tronikhouse-uptempo-justify_int.mp3,neutral,1.0,,,0.082,0.708,0.356,thomas,0.593,clap
06-violet_micro_-_...i_know.mp3,calm,0.705,,,0.431,0.725,0.485,chladni,0.228,clap
06. Blackmass Plastics - Holy Handgrenade.mp3,neutral,1.0,,,0.011,0.901,0.12,thomas,0.592,clap
06_My Enemy.mp3,neutral,1.0,,,0.023,0.895,0.414,thomas,0.44,clap
07 - End of the Beginning.mp3,aggressive,1.0,,,0.177,0.6,0.154,thomas,0.529,clap
07 - Star.mp3,energetic,1.0,,,0.19,0.289,0.066,thomas,0.452,clap
07 Godchild.flac,neutral,0.822,,,0.281,0.543,0.543,chladni,0.289,clap
07 Morning Bell Amnesiac.mp3,neutral,1.0,,,0.972,0.414,0.1,chladni,0.313,clap
07-Are We There Yet.mp3,neutral,0.335,,,0.054,0.241,0.009,waveform,0.189,clap
07-cucarafa--reservado-201214a2.mp3,neutral,1.0,,,0.314,0.582,0.32,lorenz,0.14,clap
07. Volruptus - We Are the Cyborgs.mp3,aggressive,1.0,,,0.054,0.809,0.487,thomas,0.474,clap
08 - 100M Splutter.mp3,neutral,1.0,,,0.373,0.988,0.867,thomas,0.421,clap
08 - Fairies Wear Boots.mp3,neutral,1.0,,,0.223,0.664,0.182,thomas,0.498,clap
08 - Hang On to Yourself.mp3,energetic,1.0,,,0.168,0.273,0.12,thomas,0.607,clap
08 Boplicity.flac,neutral,0.637,,,0.507,0.395,0.692,chladni,0.382,clap
08 Dollars And Cents.mp3,neutral,1.0,,,0.075,0.49,0.04,lorenz,0.341,clap
08 X-102 - Mimas.mp3,neutral,0.527,,,0.059,0.523,0.657,harmonograph,0.338,clap
08-endlec-no_return.mp3,energetic,1.0,,,0.399,0.921,0.393,lorenz,0.217,clap
08-pfirter-war_and_greed.mp3,neutral,1.0,,,0.198,0.748,0.212,thomas,0.445,clap
09 - God Is Dead.mp3,neutral,1.0,,,0.236,0.257,0.039,lorenz,0.362,clap
09 - Ziggy Stardust.mp3,energetic,0.621,,,0.138,0.42,0.067,thomas,0.57,clap
09 Hunting Bears.mp3,neutral,0.571,,,0.061,0.683,0.161,harmonograph,0.241,clap
09 Rocker.flac,neutral,0.687,,,0.475,0.351,0.747,chladni,0.366,clap
09-jeff_mills_-_changes_of_life.mp3,energetic,0.481,,,0.566,0.85,0.342,thomas,0.572,clap
09_vein_melter_-_hypnotyzed-drum.mp3,energetic,0.849,,,0.415,0.643,0.401,lorenz,0.203,clap
1 KUSS - There's Touch.mp3,neutral,0.52,,,0.034,0.965,0.021,chladni,0.49,clap
1-02 - Club classics.mp3,neutral,1.0,,,0.77,0.467,0.105,thomas,0.518,clap
1-03 - Sympathy is a knife.mp3,calm,0.868,,,0.268,0.779,0.491,dejong,0.597,clap
1-03 Land of Mu.mp3,neutral,1.0,,,0.401,0.366,0.072,chladni,0.127,clap
1-03 MC Loops.mp3,energetic,1.0,,,0.2,0.899,0.197,thomas,0.584,clap
1-04 - I might say something stupid.mp3,calm,1.0,,,0.898,0.488,0.12,chladni,0.341,clap
1-05 - Talk talk.mp3,neutral,1.0,,,0.792,0.423,0.224,dejong,0.631,clap
1-06 - Von dutch.mp3,neutral,0.698,,,0.428,0.768,0.936,thomas,0.688,clap
1-07 - Everything is romantic.mp3,neutral,0.798,,,0.411,0.281,0.206,chladni,0.274,clap
1-08 - Rewind.mp3,energetic,1.0,,,0.628,0.545,0.358,thomas,0.576,clap
1-09 - So I.mp3,energetic,1.0,,,0.529,0.504,0.25,lorenz,0.305,clap
"1-10 - Girl, so confusing.mp3",calm,1.0,,,0.84,0.408,0.231,chladni,0.415,clap
1-11 - Apple.mp3,energetic,1.0,,,0.753,0.474,0.373,thomas,0.427,clap
1-12 - B2b.mp3,neutral,1.0,,,0.336,0.544,0.635,lorenz,0.38,clap
1-13 - Mean girls.mp3,neutral,1.0,,,0.89,0.862,0.625,chladni,0.441,clap
1-14 - I think about it all the time.mp3,energetic,1.0,,,0.659,0.764,0.68,thomas,0.475,clap
1-15 - 365.mp3,energetic,1.0,,,0.676,0.453,0.333,lorenz,0.279,clap
10 - Sabbath Bloody Sabbath (Intro) - Paranoid.mp3,neutral,1.0,,,0.124,0.737,0.28,dejong,0.511,clap
10 - Suffragette City.mp3,neutral,0.517,,,0.131,0.307,0.08,dejong,0.523,clap
10 Israel.flac,neutral,0.838,,,0.611,0.525,0.863,chladni,0.41,clap
10 Like Spinning Plates.mp3,neutral,1.0,,,0.014,0.616,0.015,lorenz,0.335,clap
103 Static Drum - External.mp3,calm,0.42,,,0.101,0.737,0.211,dejong,0.645,clap
10_voov_-_its_anything_you_want_it_to_be_and_its_a_gas_(smoke_machine_v2)-drum.mp3,energetic,0.666,,,0.331,0.948,0.531,thomas,0.648,clap
11 - Rock ’n’ Roll Suicide.mp3,neutral,0.292,,,0.691,0.067,0.092,harmonograph,0.515,clap
11 Life In A Glass House.mp3,neutral,0.422,,,0.73,0.573,0.153,chladni,0.469,clap
11 Rouge.flac,calm,0.992,,,0.453,0.56,0.806,chladni,0.39,clap
11-3phase_-_current_1.mp3,neutral,0.269,,,0.659,0.755,0.511,chladni,0.444,clap
12 Darn That Dream.flac,neutral,0.687,,,0.623,0.543,0.153,chladni,0.311,clap
12. Galaxian - Glasgow to Detroit.mp3,neutral,0.642,,,0.02,0.941,0.752,thomas,0.428,clap
13-ignez-rio_with_you-tr.mp3,neutral,0.861,,,0.33,0.926,0.656,lorenz,0.261,clap
13. SolarX - Bionic Man.mp3,neutral,0.338,,,0.011,0.132,0.828,harmonograph,0.329,clap
15 Privacy - Broke.mp3,neutral,0.942,,,0.279,0.865,0.797,aizawa,0.737,clap
15. O-Wells - Park Jit.mp3,melancholic,0.514,,,0.055,0.791,0.149,chladni,0.412,clap
16. Privacy - Go.mp3,neutral,1.0,,,0.081,0.618,0.341,chladni,0.352,clap
17. Morah & Hauff - Segment 3.mp3,neutral,1.0,,,0.014,0.913,0.299,chladni,0.319,clap
190829_Dark_Forces_Original_Mix.mp3,aggressive,0.932,,,0.462,0.654,0.794,lorenz,0.119,clap
2 LYRIC - LUNA.mp3,neutral,1.0,,,0.075,0.697,0.035,lorenz,0.179,clap
2-03 Juan Atkins.mp3,calm,1.0,,,0.097,0.868,0.268,dejong,0.519,clap
20. Subtopia - The Mob Rules (Umwelt Remix).mp3,neutral,0.785,,,0.004,0.764,0.111,thomas,0.502,clap
21. L.F.T. - Data Move.mp3,calm,1.0,,,0.043,0.812,0.161,chladni,0.407,clap
22. QDT - Untitled.mp3,neutral,1.0,,,0.085,0.93,0.297,thomas,0.585,clap
23-rustal_and_offtrack-is_it_morning_yet_(late_nite_mix).mp3,energetic,1.0,,,0.414,0.901,0.549,lorenz,0.311,clap
25. Shedbug - Sibelle.mp3,neutral,1.0,,,0.045,0.854,0.43,lorenz,0.177,clap
25_juicy_romance_-_hummer.mp3,calm,1.0,,,0.127,0.687,0.357,chladni,0.255,clap
45. Nene H - Hush Now (VTSS Remix).mp3,energetic,1.0,,,0.055,0.754,0.12,lorenz,0.152,clap
4A - Zeta Reticula-Reticulum.mp3,calm,1.0,,,0.032,0.678,0.327,chladni,0.314,clap
AC-DC - High Voltage - 01 - It's a Long Way to the Top (If You Wanna Rock 'n' Roll).ogg,energetic,0.783,,,0.144,0.147,0.151,lorenz,0.366,clap
AC-DC - High Voltage - 02 - Rock 'n' Roll Singer.ogg,energetic,0.777,,,0.167,0.158,0.134,thomas,0.477,clap
AC-DC - High Voltage - 03 - The Jack.ogg,neutral,0.894,,,0.633,0.034,0.034,chladni,0.278,clap
AC-DC - High Voltage - 04 - Live Wire !.ogg,neutral,0.753,,,0.219,0.031,0.07,chladni,0.069,clap
AC-DC - High Voltage - 05 - TNT !.ogg,energetic,0.913,,,0.139,0.165,0.168,lorenz,0.381,clap
AC-DC - High Voltage - 06 - Can I Sit Next To You Girl !.ogg,neutral,0.853,,,0.073,0.289,0.073,thomas,0.415,clap
AC-DC - High Voltage - 07 - Little Lover.ogg,calm,0.868,,,0.593,0.066,0.163,chladni,0.41,clap
AC-DC - High Voltage - 08 - She's Got Balls.ogg,neutral,0.605,,,0.109,0.087,0.079,chladni,0.367,clap
AC-DC - High Voltage - 09 - High Voltage.ogg,energetic,0.69,,,0.191,0.139,0.162,thomas,0.448,clap
ANNA & Miss Kittin - Forever Ravers.mp3,neutral,1.0,,,0.205,0.377,0.409,lorenz,0.272,clap
ANNA - High Contrast (Original Mix) - 5A - 130.mp3,melancholic,0.239,,,0.061,0.68,0.054,harmonograph,0.273,clap
ANNA - Phase Two  [Drumcode].mp3,neutral,1.0,,,0.247,0.501,0.391,lorenz,0.226,clap
Abstract Division - Floating Point (Delta Funktionen Remix).mp3,energetic,1.0,,,0.191,0.566,0.384,lorenz,0.14,clap
Abstract Division - Floating Point (Original Mix).mp3,aggressive,1.0,,,0.21,0.426,0.496,lorenz,0.158,clap
Alborythme - Come Back To Me.mp3,calm,1.0,,,0.282,0.633,0.346,chladni,0.084,clap
Alfredo Mazzilli - Controlling (Original Mix) [Planet Rhythm].mp3,aggressive,1.0,,,0.062,0.627,0.052,lorenz,0.128,clap
AnD - On The Fucking Edge (Original Mix).mp3,neutral,0.653,,,0.108,0.463,0.103,thomas,0.511,clap
Ancient Methods - Knights & Bishops.mp3,neutral,1.0,,,0.084,0.77,0.419,lorenz,0.258,clap
Angelov - Invedi (Original Mix).mp3,neutral,0.377,,,0.363,0.816,0.924,chladni,0.207,clap
Angelov - Retrida.mp3,melancholic,0.327,,,0.7,0.501,0.768,chladni,0.293,clap
Animistic Beliefs - An Eye for A.I. (Mixed).mp3,neutral,1.0,,,0.1,0.887,0.632,lorenz,0.386,clap
Antigone and Rodhad - 1807021.mp3,neutral,1.0,,,0.064,0.883,0.442,lorenz,0.241,clap
Artbat - Element .mp3,calm,0.438,,,0.315,0.809,0.647,chladni,0.373,clap
B1 Public Energy - P.A..mp3,neutral,0.634,,,0.035,0.949,0.557,aizawa,0.764,clap
BIRI - Sun Cure [Non Series].mp3,energetic,1.0,,,0.158,0.707,0.72,lorenz,0.062,clap
BLANKA (ES) - La Buena Suerte (Original Mix).mp3,neutral,1.0,,,0.443,0.693,0.536,chladni,0.19,clap
Barker & Baumecker - Cipher ss.mp3,neutral,0.481,,,0.003,0.436,0.081,chladni,0.105,clap
Bidoben - Sans Soleil (Original Mix).mp3,neutral,1.0,,,0.286,0.804,0.185,lorenz,0.149,clap
Binaryh - Apus [Hiato Music].mp3,neutral,1.0,,,0.096,0.117,0.13,chladni,0.059,clap
Blackmass Plastics - Holy Handgrenade (Mixed).mp3,energetic,1.0,,,0.02,0.984,0.314,thomas,0.547,clap
Boston 168 - Oblivion.mp3,neutral,0.199,,,0.004,0.349,0.046,chladni,0.178,clap
Cadency - In Your Mind.mp3,aggressive,1.0,,,0.103,0.18,0.288,lorenz,0.12,clap
"CamelPhat, Yannis, Foals - Hypercolour (Mind Against Remix).mp3",neutral,1.0,,,0.447,0.318,0.369,lorenz,0.32,clap
Cardao - Mystic Bell (Original Mix).mp3,aggressive,1.0,,,0.432,0.752,0.237,thomas,0.522,clap
Chlär - Forgot to Dream (Original Mix).mp3,melancholic,0.587,,,0.869,0.654,0.525,chladni,0.226,clap
Cyan85 - Drama Bass.mp3,neutral,1.0,,,0.362,0.612,0.539,aizawa,0.713,clap
DAVE CLARKE feat CHICKS ON SPEED - What Was Her Name (OGONEK bootleg Remix).mp3,aggressive,1.0,,,0.185,0.867,0.106,thomas,0.474,clap
DJ Daddy Trance - My Body Rocks The Rhythm.mp3,neutral,1.0,,,0.303,0.754,0.315,thomas,0.673,clap
DL-MS- - Halo - 02 _이 기쁨.flac,neutral,1.0,,,0.192,0.914,0.671,lorenz,0.397,clap
DL-MS- - Halo - 03 IC-1101.flac,neutral,1.0,,,0.121,0.844,0.352,thomas,0.594,clap
DL-MS- - Halo - 04 Play With Us.flac,neutral,0.849,,,0.709,0.666,0.389,lorenz,0.397,clap
DL-MS- - Halo - 06 S.I.T.G.flac,energetic,1.0,,,0.225,0.89,0.574,lorenz,0.345,clap
DYEN - Tell You What I Know (Original mix).mp3,energetic,1.0,,,0.051,0.782,0.085,lorenz,0.212,clap
Dagga - Inert Hologram 01 Inert Hologram [JPT010].mp3,neutral,1.0,,,0.221,0.86,0.848,lorenz,0.332,clap
Dagga - Inert Hologram 02 Asfixia [JPT010].mp3,neutral,1.0,,,0.208,0.922,0.774,dejong,0.521,clap
Dagga - Inert Hologram 03 El Pasajero [JPT010].mp3,neutral,1.0,,,0.105,0.935,0.853,chladni,0.407,clap
Dagga - Inert Hologram 04 Fields of Data [JPT010].mp3,neutral,1.0,,,0.25,0.823,0.421,lorenz,0.26,clap
Dagga - Inert Hologram 05 Ahogado [JPT010].mp3,neutral,1.0,,,0.146,0.808,0.715,dejong,0.574,clap
Dagga X Manao - DXM - Pool Edits Vol.1 - 09 Open Sesame.mp3,neutral,1.0,,,0.073,0.761,0.53,thomas,0.441,clap
Dagga X Manao - Open Sesame.mp3,neutral,1.0,,,0.112,0.937,0.445,thomas,0.441,clap
Dagga X Manao - RJ Tool.mp3,calm,0.698,,,0.463,0.802,0.351,dejong,0.807,clap
Deborah De Luca - Dori Me (intro mix).mp3,neutral,0.945,,,0.072,0.527,0.081,lorenz,0.389,clap
Demuja - Loose Legs.mp3,aggressive,1.0,,,0.128,0.735,0.262,lorenz,0.3,clap
Diffuse Reality Records - Bez Obaw.mp3,energetic,1.0,,,0.216,0.701,0.171,lorenz,0.085,clap
Donato Dozzy - Parola featuring Anna Caragnano (Rework) [Spazio Disponibile].mp3,neutral,0.433,,,0.35,0.663,0.165,waveform,0.273,clap
Dusty Kid - Psika.mp3,neutral,0.297,,,0.023,0.095,0.06,chladni,0.147,clap
EMBARGO - EMBARGO - CLUB MIX [1999].mp3,aggressive,1.0,,,0.174,0.528,0.298,lorenz,0.077,clap
EMS - Synchronaut - 10 - Crack In The Sun.mp3,energetic,0.913,,,0.113,0.489,0.567,lorenz,0.291,clap
Eduardo De La Calle - Aitareya (Original Mix) [Electropical Record].mp3,neutral,1.0,,,0.168,0.927,0.861,lorenz,0.254,clap
Ellen Allien - Bowie in Harmony.mp3,aggressive,1.0,,,0.184,0.841,0.356,lorenz,0.099,clap
Ellen Allien - True Romantics (Hadone Remix).mp3,neutral,0.935,,,0.308,0.772,0.226,thomas,0.519,clap
Ellen Allien - Xtc.mp3,neutral,1.0,,,0.068,0.422,0.031,lorenz,0.303,clap
FJAAK - Pal.mp3,aggressive,1.0,,,0.041,0.568,0.183,lorenz,0.143,clap
Fabio Florido - Timeless (Original Mix).mp3,neutral,0.458,,,0.127,0.123,0.128,chladni,0.467,clap
Function - Against The Wall.mp3,aggressive,1.0,,,0.148,0.277,0.146,lorenz,0.072,clap
Function - Binaural.mp3,aggressive,1.0,,,0.245,0.687,0.354,lorenz,0.084,clap
Function - Burn (original mix).mp3,neutral,0.226,,,0.023,0.399,0.043,harmonograph,0.526,clap
Function - Disaffected (Original Mix).mp3,aggressive,1.0,,,0.128,0.214,0.265,lorenz,0.11,clap
Förm - KR012 - 03 Sleeping With Ghosts.wav,neutral,1.0,,,0.557,0.574,0.118,thomas,0.608,clap
Förm - KR012 - 04 Spooky Scary Skeletons.wav,neutral,0.046,,,0.078,0.759,0.257,dejong,0.649,clap
Galaxian - Glasgow to Detroit (Mixed).mp3,neutral,0.946,,,0.067,0.944,0.756,thomas,0.532,clap
Galaxian - Private Tyranny (Mixed).mp3,aggressive,1.0,,,0.036,0.887,0.103,thomas,0.467,clap
Gegen Dungeon - Chemtrailz (Amuck Remix).mp3,energetic,1.0,,,0.05,0.437,0.02,lorenz,0.242,clap
Hadone - Hope Reminds Me Of Her.mp3,neutral,0.487,,,0.096,0.267,0.535,chladni,0.171,clap
Hardfloor - Acperience 1.mp3,calm,0.812,,,0.585,0.505,0.326,chladni,0.083,clap
How Soon Is Now (Maceo Plex Edit).mp3,neutral,1.0,,,0.256,0.868,0.891,aizawa,0.721,clap
Hyden - Rhun (Jks Remix) [Smile Sessions].mp3,energetic,1.0,,,0.132,0.718,0.097,lorenz,0.25,clap
I Hate Models 'Sorrows Of The Moon' 01. Forest Spirits.mp3,neutral,1.0,,,0.328,0.804,0.126,lorenz,0.278,clap
I Hate Models - Daydream [ARTS020].mp3,energetic,1.0,,,0.018,0.81,0.04,lorenz,0.132,clap
I-Hate-Models-Sorrows-Of-The-Moon-Original-Mix-Arts.mp3,neutral,1.0,,,0.504,0.847,0.184,lorenz,0.279,clap
Introversion - force majeure.mp3,energetic,1.0,,,0.042,0.602,0.053,lorenz,0.242,clap
JKS - Express Yourself.mp3,neutral,0.497,,,0.04,0.881,0.159,thomas,0.641,clap
Jaquarius - Metamine (Mixed).mp3,calm,1.0,,,0.165,0.894,0.244,lorenz,0.339,clap
Jay Pei - Dark Horse.mp3,aggressive,1.0,,,0.343,0.478,0.532,lorenz,0.108,clap
Jon Hopkins - Singularity (ANNA Remix).mp3,neutral,0.67,,,0.27,0.98,0.648,chladni,0.368,clap
Kaiserdisco - Taipan (Original Mix).mp3,neutral,1.0,,,0.041,0.535,0.364,lorenz,0.323,clap
Kakoon - Skylight [Alaula Music].mp3,calm,0.289,,,0.921,0.566,0.707,dejong,1.0,clap
Kangding Ray - De Tomaso Pantera.mp3,neutral,1.0,,,0.37,0.727,0.4,lorenz,0.306,clap
Karenn - On Request.mp3,neutral,0.218,,,0.016,0.785,0.118,chladni,0.479,clap
Kawasaki (Original Mix).mp3,aggressive,1.0,,,0.075,0.188,0.083,lorenz,0.193,clap
Kazuya Nagaya - Thanatos (Dubfire Remix).mp3,aggressive,1.0,,,0.203,0.416,0.2,lorenz,0.06,clap
Keith Carnal - Rijwiel (Original Mix) - 3A - 129.mp3,aggressive,1.0,,,0.092,0.327,0.071,lorenz,0.062,clap
Kettama - Body.mp3,neutral,1.0,,,0.544,0.615,0.362,aizawa,0.77,clap
Kettama - Higher (Steel City Power House).mp3,neutral,0.718,,,0.122,0.861,0.164,thomas,0.639,clap
Kiko And Gino - Estasi.mp3,neutral,1.0,,,0.438,0.42,0.456,thomas,0.549,clap
"Klanglos - Nothing Can Save You, Accept Darkness (Original Mix).mp3",calm,0.349,,,0.031,0.845,0.087,dejong,0.507,clap
Lmajor - Hallucin8 (Original Mix).mp3,neutral,0.762,,,0.097,0.828,0.482,thomas,0.641,clap
Loek Frey - Arcana.mp3,melancholic,0.679,,,0.092,0.681,0.064,waveform,0.091,clap
Lucas Sosa (AR) - Lucifer.mp3,neutral,1.0,,,0.091,0.619,0.166,lorenz,0.171,clap
"Luigi Madonna, Roberto Capuano - Midfield (Original Mix).mp3",calm,1.0,,,0.129,0.25,0.144,chladni,0.055,clap
MELD - Bolam - Break Yo' Self (MELD002) - 01 Break Yo' Self.mp3,calm,0.559,,,0.274,0.871,0.58,chladni,0.319,clap
Machino - Ministerio (Mixed).mp3,neutral,1.0,,,0.038,0.872,0.262,chladni,0.372,clap
Mall Grab - Elegy.mp3,aggressive,1.0,,,0.063,0.655,0.363,lorenz,0.095,clap
Mall Grab - Positive Energy Forever.mp3,neutral,0.966,,,0.013,0.625,0.212,chladni,0.194,clap
Mall Grab - Sheer Fuck-Offness.mp3,neutral,1.0,,,0.246,0.926,0.441,aizawa,0.826,clap
Mall Grab - Strangers - 02 -.mp3,neutral,0.658,,,0.071,0.765,0.187,chladni,0.397,clap
Mall Grab - Temperature Rising.mp3,neutral,1.0,,,0.187,0.897,0.093,thomas,0.547,clap
Marcal - Ainozama [www.slider.kz].mp3,neutral,1.0,,,0.038,0.77,0.037,lorenz,0.178,clap
Marcel Dettmann - Phantom Studies.mp3,neutral,0.181,,,0.018,0.453,0.085,waveform,0.282,clap
Mark Reeve - Golden (Original Mix) .mp3,neutral,1.0,,,0.384,0.514,0.138,lorenz,0.349,clap
Melawati - Daliah (Maceo Plex Remix).mp3,neutral,1.0,,,0.39,0.643,0.621,lorenz,0.299,clap
Michael Klein - Ponzu (Industrialyzer Remix).mp3,neutral,1.0,,,0.182,0.627,0.085,lorenz,0.305,clap
Michael Klein - Superstition (oliver deutschmann remix).mp3,energetic,1.0,,,0.027,0.498,0.033,lorenz,0.228,clap
Mike Parker - Living Colossus.mp3,neutral,1.0,,,0.032,0.646,0.134,thomas,0.559,clap
Minotia - I Hate Models & Anetha T.mp3,neutral,0.152,,,0.098,0.223,0.216,harmonograph,0.306,clap
Moby - My Only Love (Tale Of Us & Anyma Remix).mp3,neutral,1.0,,,0.713,0.504,0.359,lorenz,0.371,clap
Moby - Tecie (Mind Against Celestial Mix) - www.djsoundtop.com.mp3,aggressive,1.0,,,0.858,0.673,0.532,thomas,0.605,clap
Oona Dahl - Godtripper (Patrice Baumel Psychoactive Rework) [Watergate Records].mp3,aggressive,1.0,,,0.73,0.305,0.646,lorenz,0.271,clap
Patrice Bäumel - Roar (Adana Twins Remix - mixed).mp3,energetic,1.0,,,0.393,0.66,0.482,lorenz,0.375,clap
Patrick Milaa - Presence of Mind (Original Mix).mp3,aggressive,1.0,,,0.124,0.455,0.067,lorenz,0.171,clap
Phara - In Dubio (Original Mix)-BeanOfTech.mp3,aggressive,1.0,,,0.182,0.588,0.198,lorenz,0.119,clap
Phara - In Dubio (Original Mix).mp3,aggressive,1.0,,,0.216,0.602,0.176,lorenz,0.119,clap
"Pjotr G, Dubiosity - A Man Is No Island (Original Mix) [Planet Rhythm].mp3",energetic,1.0,,,0.004,0.113,0.02,lorenz,0.031,clap
Planetary Assault Systems - Bang Wap.mp3,neutral,1.0,,,0.096,0.619,0.073,thomas,0.491,clap
Pleasurekraft - At the Mountains of Madness (Original Mix).mp3,calm,0.372,,,0.143,0.683,0.17,dejong,0.987,clap
Pryda - Mirage (Original Mix).mp3,neutral,0.608,,,0.875,0.967,0.995,chladni,0.363,clap
Push - Universal Nation (Bart Skils Remix) - 7A - 127.mp3,neutral,1.0,,,0.312,0.315,0.223,thomas,0.438,clap
Q.U.A.K.E & Aaron Suiss - Creation of Reality (Original Mix).mp3,calm,0.592,,,0.587,0.785,0.489,dejong,0.503,clap
RAW - RAW Summer Hits II - Special Edits - 05 JKS - Get Crackin'.mp3,neutral,1.0,,,0.076,0.596,0.21,chladni,0.39,clap
"Ramiro Lopez, Andres Campo - Pachamama (Coyu Raw Mix).mp3",energetic,1.0,,,0.187,0.434,0.062,lorenz,0.367,clap
Red Rooms - Sunbeams (Original Mix).mp3,neutral,1.0,,,0.171,0.538,0.117,chladni,0.086,clap
Reinier Zonneveld - Dance With The Devil (Original Mix).mp3,neutral,1.0,,,0.401,0.167,0.358,chladni,0.053,clap
Rohar Nerves viers Remix Off173.mp3,energetic,1.0,,,0.365,0.793,0.351,lorenz,0.376,clap
Roman Flügel - Pattern Four.mp3,neutral,1.0,,,0.328,0.879,0.911,lorenz,0.376,clap
Rosati - Bloody Cash (Original Mix).mp3,energetic,1.0,,,0.495,0.646,0.298,lorenz,0.198,clap
Rosati - Inside (Original Mix).mp3,neutral,1.0,,,0.338,0.738,0.364,thomas,0.576,clap
SHDW & Obscure Shape - Bisswunden (Introversion Version).wav.wav,energetic,1.0,,,0.03,0.253,0.069,lorenz,0.134,clap
SHXCXCHCXSH - Drain This Lord.mp3,neutral,0.502,,,0.239,0.83,0.012,harmonograph,0.461,clap
SNTS - Es19.1.mp3,aggressive,1.0,,,0.012,0.245,0.144,lorenz,0.12,clap
SNTS - Pvrest Absolvtion.mp3,neutral,1.0,,,0.11,0.708,0.024,lorenz,0.38,clap
Schwefelgelb - Fokus.mp3,neutral,0.8,,,0.016,0.947,0.619,thomas,0.443,clap
Second Skin - Bare Hands (Original Mix).mp3,calm,1.0,,,0.298,0.474,0.011,chladni,0.443,clap
Setaoc Mass - Silent Tension.mp3,calm,1.0,,,0.073,0.264,0.065,chladni,0.057,clap
Shlomo - Burned Hand Emmanuel Remix.mp3,neutral,0.32,,,0.075,0.395,0.068,chladni,0.234,clap
Shlomo - Vertigo.mp3,energetic,1.0,,,0.065,0.719,0.018,lorenz,0.318,clap
Si Begg - P1 Tek 2 Neu Anfang.mp3,aggressive,1.0,,,0.167,0.676,0.288,lorenz,0.084,clap
Sleeparchive - Papercup.mp3,aggressive,1.0,,,0.069,0.568,0.067,lorenz,0.088,clap
Sleeparchive -Glass.mp3,energetic,1.0,,,0.307,0.907,0.648,thomas,0.513,clap
Slv (De) - Far From The Madding (Original Mix).mp3,energetic,0.787,,,0.171,0.791,0.061,lorenz,0.185,clap
So 1992 (Original Mix).mp3,aggressive,1.0,,,0.097,0.742,0.215,lorenz,0.21,clap
Solee - Impressed (Rework) [Parquet Recordings].mp3,neutral,1.0,,,0.122,0.13,0.62,chladni,0.055,clap
Stef Mendesidis - Hunt.mp3,aggressive,1.0,,,0.031,0.759,0.065,lorenz,0.124,clap
Subtopia - The Mob Rules (Umwelt Remix) (Mixed).mp3,neutral,0.537,,,0.005,0.865,0.164,chladni,0.418,clap
Superintelligence (Clever Mix).mp3,neutral,0.298,,,0.011,0.949,0.533,harmonograph,0.483,clap
Swart - Death To The Quarantine.mp3,energetic,1.0,,,0.039,0.443,0.055,thomas,0.486,clap
Terence Fixmer - Aktion Mekanik Theme (44 Version) [ClapCrate.com].mp3,neutral,1.0,,,0.16,0.767,0.071,thomas,0.466,clap
Terence Fixmer - Body Pressure.mp3,aggressive,0.871,,,0.005,0.879,0.079,lorenz,0.229,clap
The Advent - High Horse (Original Mix).mp3,neutral,1.0,,,0.063,0.705,0.121,lorenz,0.249,clap
The Advent - Planting Seeds - 03 Scorched.mp3,neutral,1.0,,,0.042,0.586,0.265,lorenz,0.158,clap
The Nighttripper - Phuture (Robert Hood Remix).mp3,energetic,1.0,,,0.164,0.844,0.219,thomas,0.541,clap
This Hmming Raverie.mp3,energetic,1.0,,,0.289,0.878,0.081,lorenz,0.236,clap
Timo Maas feat. Rottler - Utopie (Murat Uncuoglu Remix).mp3,aggressive,1.0,,,0.187,0.309,0.298,lorenz,0.202,clap
"Timo Maas, Rottler - Utopie (Original Mix) - www.djsoundtop.com.mp3",neutral,0.487,,,0.529,0.631,0.394,dejong,0.604,clap
Truncate - First Phase.mp3,energetic,1.0,,,0.09,0.616,0.038,lorenz,0.246,clap
Turk Turkelton - Pony.mp3,neutral,1.0,,,0.526,0.552,0.456,aizawa,0.742,clap
Turk Turkelton Karaffe.mp3,neutral,1.0,,,0.216,0.26,0.349,thomas,0.634,clap
UVB - Mixtion ss.mp3,neutral,1.0,,,0.272,0.881,0.268,lorenz,0.288,clap
Unbalance - Warehouse Tool 1.mp3,aggressive,1.0,,,0.154,0.879,0.195,lorenz,0.221,clap
Under Black Helmet - Impulsive Behavior.mp3,energetic,1.0,,,0.009,0.659,0.03,lorenz,0.056,clap
Unwelt - Endless Blackness.mp3,melancholic,0.601,,,0.171,0.953,0.717,chladni,0.361,clap
Usaw - Runaway (Original Mix) [Usaw].mp3,neutral,1.0,,,0.397,0.846,0.241,lorenz,0.17,clap
Virtualmismo - Mismoplastico (Virtual Mix).mp3,neutral,1.0,,,0.03,0.983,0.979,lorenz,0.36,clap
Vizionn - Bang That Box.mp3,calm,1.0,,,0.02,0.657,0.098,chladni,0.228,clap
Vladimir Dubyshkin - Pigeon Epilepsy.mp3,energetic,1.0,,,0.058,0.701,0.402,lorenz,0.194,clap
Vril;Rødhåd - Apophenia.mp3,energetic,1.0,,,0.006,0.755,0.03,lorenz,0.346,clap
Waterfall.mp3,neutral,0.864,,,0.121,0.07,0.097,thomas,0.624,clap
Yamaha.mp3,neutral,0.381,,,0.481,0.559,0.523,chladni,0.168,clap
drfloyd.mp3,neutral,1.0,,,0.108,0.931,0.923,chladni,0.375,clap
jeff mills - reverting.mp3,energetic,1.0,,,0.071,0.776,0.359,thomas,0.557,clap
leinaD - FROM SKIMASK 2 FACEMASK EP - 03 leinaD - From Skimask 2 Facemask.mp3,neutral,1.0,,,0.054,0.863,0.438,chladni,0.186,clap
morganistic - 3 - it makes it.mp3,aggressive,0.977,,,0.059,0.554,0.033,lorenz,0.109,clap
wehbba-coup_of_doubt-323eb95a.mp3,neutral,0.578,,,0.429,0.879,0.749,chladni,0.175,clap
2.mp3,,,0.262,0.25,,,,,,deam
3.mp3,,,0.312,0.288,,,,,,deam
4.mp3,,,0.588,0.562,,,,,,deam
5.mp3,,,0.425,0.538,,,,,,deam
7.mp3,,,0.6,0.675,,,,,,deam
8.mp3,,,0.275,0.475,,,,,,deam
10.mp3,,,0.375,0.462,,,,,,deam
12.mp3,,,0.562,0.6,,,,,,deam
13.mp3,,,0.275,0.375,,,,,,deam
17.mp3,,,0.425,0.625,,,,,,deam
18.mp3,,,0.475,0.362,,,,,,deam
19.mp3,,,0.612,0.412,,,,,,deam
20.mp3,,,0.55,0.688,,,,,,deam
21.mp3,,,0.7,0.662,,,,,,deam
22.mp3,,,0.375,0.475,,,,,,deam
24.mp3,,,0.538,0.362,,,,,,deam
25.mp3,,,0.862,0.462,,,,,,deam
31.mp3,,,0.462,0.35,,,,,,deam
32.mp3,,,0.4,0.288,,,,,,deam
35.mp3,,,0.475,0.688,,,,,,deam
37.mp3,,,0.7,0.538,,,,,,deam
39.mp3,,,0.788,0.55,,,,,,deam
40.mp3,,,0.45,0.475,,,,,,deam
41.mp3,,,0.412,0.512,,,,,,deam
42.mp3,,,0.638,0.512,,,,,,deam
43.mp3,,,0.712,0.312,,,,,,deam
44.mp3,,,0.362,0.488,,,,,,deam
45.mp3,,,0.512,0.138,,,,,,deam
46.mp3,,,0.538,0.375,,,,,,deam
47.mp3,,,0.425,0.425,,,,,,deam
48.mp3,,,0.438,0.475,,,,,,deam
49.mp3,,,0.362,0.538,,,,,,deam
50.mp3,,,0.325,0.475,,,,,,deam
51.mp3,,,0.325,0.275,,,,,,deam
52.mp3,,,0.45,0.512,,,,,,deam
53.mp3,,,0.412,0.512,,,,,,deam
54.mp3,,,0.262,0.288,,,,,,deam
55.mp3,,,0.6,0.55,,,,,,deam
56.mp3,,,0.675,0.6,,,,,,deam
58.mp3,,,0.288,0.3,,,,,,deam
59.mp3,,,0.538,0.387,,,,,,deam
60.mp3,,,0.412,0.675,,,,,,deam
62.mp3,,,0.65,0.362,,,,,,deam
64.mp3,,,0.325,0.488,,,,,,deam
65.mp3,,,0.675,0.6,,,,,,deam
67.mp3,,,0.775,0.725,,,,,,deam
68.mp3,,,0.35,0.488,,,,,,deam
69.mp3,,,0.275,0.362,,,,,,deam
70.mp3,,,0.425,0.325,,,,,,deam
71.mp3,,,0.612,0.338,,,,,,deam
72.mp3,,,0.712,0.575,,,,,,deam
73.mp3,,,0.6,0.575,,,,,,deam
74.mp3,,,0.25,0.412,,,,,,deam
76.mp3,,,0.412,0.275,,,,,,deam
77.mp3,,,0.4,0.238,,,,,,deam
78.mp3,,,0.3,0.362,,,,,,deam
79.mp3,,,0.562,0.562,,,,,,deam
80.mp3,,,0.625,0.512,,,,,,deam
81.mp3,,,0.638,0.362,,,,,,deam
82.mp3,,,0.238,0.312,,,,,,deam
83.mp3,,,0.638,0.6,,,,,,deam
84.mp3,,,0.612,0.575,,,,,,deam
85.mp3,,,0.762,0.65,,,,,,deam
86.mp3,,,0.55,0.575,,,,,,deam
87.mp3,,,0.538,0.2,,,,,,deam
88.mp3,,,0.712,0.562,,,,,,deam
89.mp3,,,0.438,0.475,,,,,,deam
90.mp3,,,0.412,0.4,,,,,,deam
91.mp3,,,0.438,0.562,,,,,,deam
92.mp3,,,0.6,0.462,,,,,,deam
93.mp3,,,0.775,0.625,,,,,,deam
95.mp3,,,0.288,0.45,,,,,,deam
96.mp3,,,0.725,0.738,,,,,,deam
98.mp3,,,0.412,0.213,,,,,,deam
99.mp3,,,0.412,0.387,,,,,,deam
101.mp3,,,0.3,0.225,,,,,,deam
102.mp3,,,0.688,0.55,,,,,,deam
103.mp3,,,0.575,0.288,,,,,,deam
104.mp3,,,0.638,0.288,,,,,,deam
105.mp3,,,0.688,0.5,,,,,,deam
106.mp3,,,0.45,0.288,,,,,,deam
107.mp3,,,0.625,0.475,,,,,,deam
108.mp3,,,0.438,0.4,,,,,,deam
109.mp3,,,0.425,0.438,,,,,,deam
110.mp3,,,0.425,0.225,,,,,,deam
111.mp3,,,0.538,0.538,,,,,,deam
112.mp3,,,0.725,0.675,,,,,,deam
113.mp3,,,0.55,0.35,,,,,,deam
114.mp3,,,0.475,0.588,,,,,,deam
115.mp3,,,0.925,0.85,,,,,,deam
116.mp3,,,0.425,0.362,,,,,,deam
117.mp3,,,0.362,0.5,,,,,,deam
118.mp3,,,0.488,0.45,,,,,,deam
119.mp3,,,0.412,0.275,,,,,,deam
120.mp3,,,0.35,0.5,,,,,,deam
121.mp3,,,0.262,0.362,,,,,,deam
122.mp3,,,0.562,0.45,,,,,,deam
123.mp3,,,0.638,0.65,,,,,,deam
124.mp3,,,0.338,0.225,,,,,,deam
125.mp3,,,0.438,0.4,,,,,,deam
126.mp3,,,0.512,0.638,,,,,,deam
127.mp3,,,0.25,0.538,,,,,,deam
128.mp3,,,0.325,0.375,,,,,,deam
129.mp3,,,0.4,0.625,,,,,,deam
130.mp3,,,0.288,0.4,,,,,,deam
131.mp3,,,0.638,0.488,,,,,,deam
133.mp3,,,0.225,0.15,,,,,,deam
134.mp3,,,0.55,0.625,,,,,,deam
135.mp3,,,0.338,0.312,,,,,,deam
136.mp3,,,0.725,0.65,,,,,,deam
137.mp3,,,0.412,0.6,,,,,,deam
138.mp3,,,0.35,0.175,,,,,,deam
140.mp3,,,0.4,0.438,,,,,,deam
142.mp3,,,0.45,0.475,,,,,,deam
143.mp3,,,0.375,0.488,,,,,,deam
144.mp3,,,0.3,0.462,,,,,,deam
145.mp3,,,0.262,0.55,,,,,,deam
146.mp3,,,0.175,0.312,,,,,,deam
148.mp3,,,0.462,0.5,,,,,,deam
149.mp3,,,0.3,0.262,,,,,,deam
150.mp3,,,0.5,0.55,,,,,,deam
151.mp3,,,0.375,0.438,,,,,,deam
152.mp3,,,0.425,0.575,,,,,,deam
153.mp3,,,0.362,0.438,,,,,,deam
154.mp3,,,0.4,0.387,,,,,,deam
155.mp3,,,0.325,0.55,,,,,,deam
156.mp3,,,0.675,0.712,,,,,,deam
157.mp3,,,0.375,0.65,,,,,,deam
158.mp3,,,0.138,0.325,,,,,,deam
159.mp3,,,0.35,0.262,,,,,,deam
160.mp3,,,0.312,0.312,,,,,,deam
161.mp3,,,0.662,0.312,,,,,,deam
162.mp3,,,0.338,0.45,,,,,,deam
163.mp3,,,0.325,0.438,,,,,,deam
164.mp3,,,0.387,0.238,,,,,,deam
166.mp3,,,0.262,0.4,,,,,,deam
167.mp3,,,0.213,0.288,,,,,,deam
168.mp3,,,0.288,0.3,,,,,,deam
169.mp3,,,0.175,0.225,,,,,,deam
170.mp3,,,0.25,0.5,,,,,,deam
171.mp3,,,0.138,0.325,,,,,,deam
172.mp3,,,0.35,0.5,,,,,,deam
173.mp3,,,0.45,0.15,,,,,,deam
174.mp3,,,0.375,0.35,,,,,,deam
175.mp3,,,0.338,0.412,,,,,,deam
176.mp3,,,0.175,0.362,,,,,,deam
177.mp3,,,0.475,0.575,,,,,,deam
178.mp3,,,0.225,0.338,,,,,,deam
179.mp3,,,0.525,0.625,,,,,,deam
180.mp3,,,0.475,0.612,,,,,,deam
181.mp3,,,0.338,0.188,,,,,,deam
182.mp3,,,0.15,0.338,,,,,,deam
184.mp3,,,0.325,0.3,,,,,,deam
185.mp3,,,0.488,0.45,,,,,,deam
186.mp3,,,0.338,0.375,,,,,,deam
187.mp3,,,0.188,0.338,,,,,,deam
188.mp3,,,0.375,0.288,,,,,,deam
189.mp3,,,0.688,0.762,,,,,,deam
190.mp3,,,0.225,0.262,,,,,,deam
191.mp3,,,0.512,0.662,,,,,,deam
192.mp3,,,0.6,0.638,,,,,,deam
193.mp3,,,0.387,0.25,,,,,,deam
194.mp3,,,0.213,0.462,,,,,,deam
195.mp3,,,0.4,0.213,,,,,,deam
196.mp3,,,0.412,0.438,,,,,,deam
197.mp3,,,0.15,0.225,,,,,,deam
198.mp3,,,0.112,0.288,,,,,,deam
199.mp3,,,0.538,0.588,,,,,,deam
201.mp3,,,0.338,0.475,,,,,,deam
202.mp3,,,0.45,0.525,,,,,,deam
203.mp3,,,0.312,0.475,,,,,,deam
204.mp3,,,0.325,0.15,,,,,,deam
205.mp3,,,0.25,0.438,,,,,,deam
206.mp3,,,0.162,0.2,,,,,,deam
207.mp3,,,0.475,0.475,,,,,,deam
208.mp3,,,0.475,0.688,,,,,,deam
209.mp3,,,0.262,0.45,,,,,,deam
210.mp3,,,0.4,0.562,,,,,,deam
211.mp3,,,0.262,0.488,,,,,,deam
212.mp3,,,0.45,0.55,,,,,,deam
213.mp3,,,0.2,0.188,,,,,,deam
214.mp3,,,0.325,0.387,,,,,,deam
215.mp3,,,0.275,0.2,,,,,,deam
216.mp3,,,0.438,0.538,,,,,,deam
217.mp3,,,0.312,0.475,,,,,,deam
218.mp3,,,0.238,0.375,,,,,,deam
219.mp3,,,0.175,0.35,,,,,,deam
220.mp3,,,0.387,0.3,,,,,,deam
221.mp3,,,0.412,0.3,,,,,,deam
222.mp3,,,0.35,0.412,,,,,,deam
223.mp3,,,0.15,0.312,,,,,,deam
224.mp3,,,0.562,0.588,,,,,,deam
225.mp3,,,0.338,0.4,,,,,,deam
226.mp3,,,0.488,0.5,,,,,,deam
227.mp3,,,0.262,0.312,,,,,,deam
228.mp3,,,0.312,0.375,,,,,,deam
229.mp3,,,0.475,0.475,,,,,,deam
231.mp3,,,0.387,0.575,,,,,,deam
232.mp3,,,0.188,0.213,,,,,,deam
233.mp3,,,0.462,0.438,,,,,,deam
234.mp3,,,0.312,0.362,,,,,,deam
235.mp3,,,0.25,0.338,,,,,,deam
236.mp3,,,0.188,0.175,,,,,,deam
237.mp3,,,0.4,0.362,,,,,,deam
238.mp3,,,0.25,0.45,,,,,,deam
239.mp3,,,0.162,0.288,,,,,,deam
240.mp3,,,0.675,0.7,,,,,,deam
241.mp3,,,0.387,0.45,,,,,,deam
242.mp3,,,0.312,0.462,,,,,,deam
243.mp3,,,0.775,0.387,,,,,,deam
244.mp3,,,0.412,0.4,,,,,,deam
245.mp3,,,0.4,0.638,,,,,,deam
246.mp3,,,0.488,0.275,,,,,,deam
247.mp3,,,0.362,0.438,,,,,,deam
248.mp3,,,0.3,0.338,,,,,,deam
250.mp3,,,0.3,0.325,,,,,,deam
253.mp3,,,0.7,0.188,,,,,,deam
254.mp3,,,0.538,0.8,,,,,,deam
257.mp3,,,0.825,0.738,,,,,,deam
258.mp3,,,0.412,0.412,,,,,,deam
260.mp3,,,0.538,0.325,,,,,,deam
262.mp3,,,0.575,0.738,,,,,,deam
264.mp3,,,0.538,0.562,,,,,,deam
265.mp3,,,0.438,0.675,,,,,,deam
266.mp3,,,0.325,0.475,,,,,,deam
269.mp3,,,0.412,0.475,,,,,,deam
270.mp3,,,0.638,0.762,,,,,,deam
272.mp3,,,0.612,0.675,,,,,,deam
273.mp3,,,0.55,0.775,,,,,,deam
274.mp3,,,0.838,0.625,,,,,,deam
275.mp3,,,0.538,0.562,,,,,,deam
276.mp3,,,0.638,0.538,,,,,,deam
278.mp3,,,0.562,0.512,,,,,,deam
279.mp3,,,0.325,0.462,,,,,,deam
280.mp3,,,0.4,0.288,,,,,,deam
281.mp3,,,0.55,0.75,,,,,,deam
282.mp3,,,0.275,0.4,,,,,,deam
284.mp3,,,0.425,0.525,,,,,,deam
285.mp3,,,0.312,0.512,,,,,,deam
286.mp3,,,0.588,0.738,,,,,,deam
288.mp3,,,0.312,0.525,,,,,,deam
289.mp3,,,0.588,0.712,,,,,,deam
290.mp3,,,0.138,0.362,,,,,,deam
292.mp3,,,0.788,0.8,,,,,,deam
293.mp3,,,0.662,0.4,,,,,,deam
294.mp3,,,0.562,0.688,,,,,,deam
296.mp3,,,0.612,0.588,,,,,,deam
297.mp3,,,0.262,0.325,,,,,,deam
298.mp3,,,0.375,0.55,,,,,,deam
299.mp3,,,0.225,0.412,,,,,,deam
300.mp3,,,0.725,0.438,,,,,,deam
301.mp3,,,0.275,0.338,,,,,,deam
302.mp3,,,0.7,0.75,,,,,,deam
303.mp3,,,0.75,0.675,,,,,,deam
304.mp3,,,0.35,0.45,,,,,,deam
305.mp3,,,0.675,0.725,,,,,,deam
306.mp3,,,0.588,0.712,,,,,,deam
307.mp3,,,0.638,0.725,,,,,,deam
308.mp3,,,0.412,0.7,,,,,,deam
309.mp3,,,0.538,0.6,,,,,,deam
310.mp3,,,0.138,0.213,,,,,,deam
311.mp3,,,0.6,0.738,,,,,,deam
312.mp3,,,0.45,0.6,,,,,,deam
313.mp3,,,0.325,0.538,,,,,,deam
314.mp3,,,0.6,0.612,,,,,,deam
315.mp3,,,0.675,0.812,,,,,,deam
316.mp3,,,0.225,0.312,,,,,,deam
317.mp3,,,0.638,0.412,,,,,,deam
318.mp3,,,0.612,0.612,,,,,,deam
319.mp3,,,0.438,0.7,,,,,,deam
320.mp3,,,0.8,0.7,,,,,,deam
321.mp3,,,0.788,0.625,,,,,,deam
322.mp3,,,0.638,0.825,,,,,,deam
323.mp3,,,0.478,0.591,,,,,,deam
324.mp3,,,0.288,0.462,,,,,,deam
325.mp3,,,0.562,0.55,,,,,,deam
326.mp3,,,0.55,0.775,,,,,,deam
327.mp3,,,0.625,0.762,,,,,,deam
328.mp3,,,0.525,0.4,,,,,,deam
329.mp3,,,0.288,0.4,,,,,,deam
330.mp3,,,0.612,0.262,,,,,,deam
332.mp3,,,0.562,0.738,,,,,,deam
333.mp3,,,0.712,0.638,,,,,,deam
334.mp3,,,0.612,0.612,,,,,,deam
335.mp3,,,0.725,0.725,,,,,,deam
336.mp3,,,0.638,0.7,,,,,,deam
338.mp3,,,0.25,0.35,,,,,,deam
339.mp3,,,0.612,0.738,,,,,,deam
340.mp3,,,0.35,0.45,,,,,,deam
341.mp3,,,0.35,0.425,,,,,,deam
342.mp3,,,0.375,0.512,,,,,,deam
343.mp3,,,0.75,0.888,,,,,,deam
344.mp3,,,0.45,0.525,,,,,,deam
345.mp3,,,0.775,0.688,,,,,,deam
346.mp3,,,0.712,0.788,,,,,,deam
347.mp3,,,0.352,0.602,,,,,,deam
348.mp3,,,0.5,0.588,,,,,,deam
349.mp3,,,0.45,0.6,,,,,,deam
350.mp3,,,0.625,0.688,,,,,,deam
352.mp3,,,0.562,0.438,,,,,,deam
353.mp3,,,0.375,0.475,,,,,,deam
354.mp3,,,0.762,0.675,,,,,,deam
355.mp3,,,0.512,0.688,,,,,,deam
356.mp3,,,0.45,0.575,,,,,,deam
357.mp3,,,0.475,0.688,,,,,,deam
358.mp3,,,0.575,0.4,,,,,,deam
359.mp3,,,0.188,0.338,,,,,,deam
360.mp3,,,0.188,0.562,,,,,,deam
361.mp3,,,0.194,0.295,,,,,,deam
362.mp3,,,0.375,0.612,,,,,,deam
364.mp3,,,0.562,0.688,,,,,,deam
365.mp3,,,0.625,0.762,,,,,,deam
366.mp3,,,0.738,0.638,,,,,,deam
367.mp3,,,0.262,0.213,,,,,,deam
368.mp3,,,0.475,0.638,,,,,,deam
369.mp3,,,0.238,0.3,,,,,,deam
370.mp3,,,0.35,0.3,,,,,,deam
371.mp3,,,0.525,0.7,,,,,,deam
372.mp3,,,0.325,0.475,,,,,,deam
374.mp3,,,0.75,0.488,,,,,,deam
375.mp3,,,0.112,0.225,,,,,,deam
376.mp3,,,0.5,0.612,,,,,,deam
378.mp3,,,0.562,0.612,,,,,,deam
379.mp3,,,0.112,0.238,,,,,,deam
380.mp3,,,0.575,0.475,,,,,,deam
381.mp3,,,0.625,0.712,,,,,,deam
383.mp3,,,0.4,0.325,,,,,,deam
384.mp3,,,0.325,0.387,,,,,,deam
386.mp3,,,0.5,0.562,,,,,,deam
387.mp3,,,0.65,0.65,,,,,,deam
390.mp3,,,0.588,0.65,,,,,,deam
391.mp3,,,0.562,0.638,,,,,,deam
392.mp3,,,0.3,0.475,,,,,,deam
393.mp3,,,0.625,0.675,,,,,,deam
395.mp3,,,0.712,0.65,,,,,,deam
397.mp3,,,0.75,0.75,,,,,,deam
399.mp3,,,0.712,0.75,,,,,,deam
400.mp3,,,0.512,0.575,,,,,,deam
401.mp3,,,0.562,0.675,,,,,,deam
402.mp3,,,0.762,0.762,,,,,,deam
403.mp3,,,0.512,0.525,,,,,,deam
404.mp3,,,0.738,0.725,,,,,,deam
405.mp3,,,0.638,0.8,,,,,,deam
406.mp3,,,0.538,0.412,,,,,,deam
407.mp3,,,0.412,0.438,,,,,,deam
408.mp3,,,0.7,0.638,,,,,,deam
410.mp3,,,0.35,0.512,,,,,,deam
415.mp3,,,0.625,0.525,,,,,,deam
416.mp3,,,0.562,0.525,,,,,,deam
419.mp3,,,0.288,0.375,,,,,,deam
420.mp3,,,0.438,0.55,,,,,,deam
422.mp3,,,0.225,0.338,,,,,,deam
423.mp3,,,0.525,0.438,,,,,,deam
425.mp3,,,0.762,0.725,,,,,,deam
426.mp3,,,0.538,0.538,,,,,,deam
427.mp3,,,0.525,0.6,,,,,,deam
428.mp3,,,0.7,0.7,,,,,,deam
429.mp3,,,0.288,0.412,,,,,,deam
430.mp3,,,0.375,0.238,,,,,,deam
431.mp3,,,0.638,0.562,,,,,,deam
432.mp3,,,0.538,0.538,,,,,,deam
435.mp3,,,0.438,0.612,,,,,,deam
436.mp3,,,0.412,0.525,,,,,,deam
437.mp3,,,0.525,0.412,,,,,,deam
440.mp3,,,0.538,0.662,,,,,,deam
441.mp3,,,0.45,0.512,,,,,,deam
442.mp3,,,0.387,0.438,,,,,,deam
444.mp3,,,0.162,0.188,,,,,,deam
445.mp3,,,0.175,0.45,,,,,,deam
448.mp3,,,0.712,0.688,,,,,,deam
449.mp3,,,0.325,0.35,,,,,,deam
450.mp3,,,0.387,0.5,,,,,,deam
451.mp3,,,0.488,0.425,,,,,,deam
452.mp3,,,0.556,0.719,,,,,,deam
453.mp3,,,0.45,0.575,,,,,,deam
454.mp3,,,0.5,0.475,,,,,,deam
455.mp3,,,0.55,0.588,,,,,,deam
456.mp3,,,0.638,0.162,,,,,,deam
458.mp3,,,0.3,0.5,,,,,,deam
459.mp3,,,0.662,0.638,,,,,,deam
460.mp3,,,0.35,0.35,,,,,,deam
461.mp3,,,0.475,0.425,,,,,,deam
462.mp3,,,0.6,0.45,,,,,,deam
463.mp3,,,0.5,0.588,,,,,,deam
464.mp3,,,0.512,0.575,,,,,,deam
466.mp3,,,0.7,0.612,,,,,,deam
467.mp3,,,0.588,0.725,,,,,,deam
468.mp3,,,0.325,0.3,,,,,,deam
469.mp3,,,0.512,0.538,,,,,,deam
472.mp3,,,0.688,0.525,,,,,,deam
473.mp3,,,0.762,0.562,,,,,,deam
475.mp3,,,0.575,0.5,,,,,,deam
477.mp3,,,0.762,0.775,,,,,,deam
478.mp3,,,0.225,0.275,,,,,,deam
479.mp3,,,0.438,0.588,,,,,,deam
480.mp3,,,0.213,0.387,,,,,,deam
481.mp3,,,0.3,0.462,,,,,,deam
482.mp3,,,0.112,0.312,,,,,,deam
484.mp3,,,0.675,0.688,,,,,,deam
485.mp3,,,0.2,0.338,,,,,,deam
486.mp3,,,0.65,0.588,,,,,,deam
487.mp3,,,0.438,0.538,,,,,,deam
488.mp3,,,0.075,0.3,,,,,,deam
489.mp3,,,0.45,0.525,,,,,,deam
490.mp3,,,0.362,0.338,,,,,,deam
492.mp3,,,0.425,0.475,,,,,,deam
493.mp3,,,0.338,0.488,,,,,,deam
494.mp3,,,0.338,0.387,,,,,,deam
496.mp3,,,0.462,0.612,,,,,,deam
497.mp3,,,0.65,0.588,,,,,,deam
498.mp3,,,0.238,0.225,,,,,,deam
499.mp3,,,0.325,0.325,,,,,,deam
500.mp3,,,0.625,0.525,,,,,,deam
501.mp3,,,0.188,0.425,,,,,,deam
502.mp3,,,0.475,0.45,,,,,,deam
503.mp3,,,0.6,0.675,,,,,,deam
504.mp3,,,0.475,0.375,,,,,,deam
506.mp3,,,0.238,0.387,,,,,,deam
507.mp3,,,0.488,0.475,,,,,,deam
512.mp3,,,0.512,0.55,,,,,,deam
513.mp3,,,0.262,0.4,,,,,,deam
514.mp3,,,0.412,0.6,,,,,,deam
515.mp3,,,0.35,0.3,,,,,,deam
518.mp3,,,0.387,0.3,,,,,,deam
519.mp3,,,0.725,0.538,,,,,,deam
520.mp3,,,0.375,0.562,,,,,,deam
521.mp3,,,0.35,0.45,,,,,,deam
522.mp3,,,0.312,0.213,,,,,,deam
523.mp3,,,0.512,0.612,,,,,,deam
524.mp3,,,0.288,0.375,,,,,,deam
525.mp3,,,0.412,0.475,,,,,,deam
527.mp3,,,0.375,0.588,,,,,,deam
529.mp3,,,0.462,0.6,,,,,,deam
530.mp3,,,0.288,0.312,,,,,,deam
535.mp3,,,0.638,0.688,,,,,,deam
536.mp3,,,0.512,0.438,,,,,,deam
537.mp3,,,0.5,0.2,,,,,,deam
540.mp3,,,0.387,0.425,,,,,,deam
544.mp3,,,0.475,0.438,,,,,,deam
547.mp3,,,0.3,0.475,,,,,,deam
550.mp3,,,0.4,0.612,,,,,,deam
551.mp3,,,0.275,0.375,,,,,,deam
554.mp3,,,0.225,0.5,,,,,,deam
555.mp3,,,0.525,0.475,,,,,,deam
556.mp3,,,0.575,0.638,,,,,,deam
558.mp3,,,0.225,0.275,,,,,,deam
560.mp3,,,0.238,0.45,,,,,,deam
561.mp3,,,0.738,0.75,,,,,,deam
564.mp3,,,0.462,0.488,,,,,,deam
565.mp3,,,0.262,0.25,,,,,,deam
568.mp3,,,0.55,0.262,,,,,,deam
574.mp3,,,0.438,0.475,,,,,,deam
577.mp3,,,0.575,0.562,,,,,,deam
579.mp3,,,0.262,0.275,,,,,,deam
580.mp3,,,0.175,0.425,,,,,,deam
581.mp3,,,0.538,0.625,,,,,,deam
582.mp3,,,0.262,0.488,,,,,,deam
584.mp3,,,0.188,0.175,,,,,,deam
585.mp3,,,0.375,0.4,,,,,,deam
586.mp3,,,0.525,0.612,,,,,,deam
591.mp3,,,0.588,0.65,,,,,,deam
592.mp3,,,0.556,0.511,,,,,,deam
594.mp3,,,0.4,0.262,,,,,,deam
597.mp3,,,0.475,0.675,,,,,,deam
598.mp3,,,0.375,0.575,,,,,,deam
600.mp3,,,0.312,0.375,,,,,,deam
605.mp3,,,0.425,0.625,,,,,,deam
606.mp3,,,0.387,0.575,,,,,,deam
607.mp3,,,0.425,0.638,,,,,,deam
608.mp3,,,0.238,0.35,,,,,,deam
609.mp3,,,0.538,0.569,,,,,,deam
610.mp3,,,0.662,0.688,,,,,,deam
611.mp3,,,0.512,0.475,,,,,,deam
612.mp3,,,0.575,0.7,,,,,,deam
613.mp3,,,0.525,0.725,,,,,,deam
614.mp3,,,0.412,0.338,,,,,,deam
615.mp3,,,0.275,0.5,,,,,,deam
616.mp3,,,0.312,0.5,,,,,,deam
617.mp3,,,0.688,0.25,,,,,,deam
620.mp3,,,0.6,0.425,,,,,,deam
621.mp3,,,0.238,0.425,,,,,,deam
622.mp3,,,0.438,0.5,,,,,,deam
623.mp3,,,0.35,0.612,,,,,,deam
625.mp3,,,0.262,0.425,,,,,,deam
628.mp3,,,0.488,0.725,,,,,,deam
629.mp3,,,0.8,0.825,,,,,,deam
631.mp3,,,0.825,0.262,,,,,,deam
632.mp3,,,0.4,0.55,,,,,,deam
634.mp3,,,0.462,0.6,,,,,,deam
635.mp3,,,0.7,0.825,,,,,,deam
637.mp3,,,0.15,0.325,,,,,,deam
638.mp3,,,0.275,0.425,,,,,,deam
639.mp3,,,0.638,0.662,,,,,,deam
640.mp3,,,0.825,0.85,,,,,,deam
643.mp3,,,0.312,0.4,,,,,,deam
644.mp3,,,0.412,0.575,,,,,,deam
645.mp3,,,0.45,0.588,,,,,,deam
646.mp3,,,0.262,0.35,,,,,,deam
647.mp3,,,0.25,0.6,,,,,,deam
648.mp3,,,0.512,0.725,,,,,,deam
649.mp3,,,0.65,0.712,,,,,,deam
650.mp3,,,0.625,0.4,,,,,,deam
651.mp3,,,0.675,0.762,,,,,,deam
652.mp3,,,0.275,0.412,,,,,,deam
653.mp3,,,0.538,0.688,,,,,,deam
654.mp3,,,0.512,0.425,,,,,,deam
656.mp3,,,0.2,0.387,,,,,,deam
657.mp3,,,0.512,0.575,,,,,,deam
658.mp3,,,0.425,0.588,,,,,,deam
660.mp3,,,0.138,0.225,,,,,,deam
661.mp3,,,0.15,0.225,,,,,,deam
662.mp3,,,0.612,0.512,,,,,,deam
663.mp3,,,0.288,0.412,,,,,,deam
664.mp3,,,0.75,0.7,,,,,,deam
665.mp3,,,0.588,0.65,,,,,,deam
666.mp3,,,0.538,0.5,,,,,,deam
667.mp3,,,0.4,0.488,,,,,,deam
668.mp3,,,0.5,0.538,,,,,,deam
671.mp3,,,0.262,0.338,,,,,,deam
672.mp3,,,0.425,0.662,,,,,,deam
673.mp3,,,0.7,0.712,,,,,,deam
674.mp3,,,0.725,0.8,,,,,,deam
675.mp3,,,0.512,0.6,,,,,,deam
676.mp3,,,0.7,0.7,,,,,,deam
677.mp3,,,0.688,0.538,,,,,,deam
681.mp3,,,0.488,0.7,,,,,,deam
682.mp3,,,0.475,0.625,,,,,,deam
684.mp3,,,0.412,0.488,,,,,,deam
685.mp3,,,0.438,0.325,,,,,,deam
686.mp3,,,0.3,0.562,,,,,,deam
687.mp3,,,0.788,0.8,,,,,,deam
688.mp3,,,0.412,0.5,,,,,,deam
689.mp3,,,0.35,0.45,,,,,,deam
690.mp3,,,0.175,0.425,,,,,,deam
691.mp3,,,0.5,0.338,,,,,,deam
692.mp3,,,0.738,0.638,,,,,,deam
693.mp3,,,0.65,0.538,,,,,,deam
695.mp3,,,0.612,0.65,,,,,,deam
696.mp3,,,0.538,0.6,,,,,,deam
697.mp3,,,0.475,0.6,,,,,,deam
698.mp3,,,0.362,0.338,,,,,,deam
699.mp3,,,0.338,0.438,,,,,,deam
700.mp3,,,0.475,0.575,,,,,,deam
702.mp3,,,0.812,0.288,,,,,,deam
703.mp3,,,0.512,0.625,,,,,,deam
704.mp3,,,0.387,0.4,,,,,,deam
706.mp3,,,0.562,0.625,,,,,,deam
707.mp3,,,0.275,0.262,,,,,,deam
708.mp3,,,0.275,0.275,,,,,,deam
709.mp3,,,0.6,0.5,,,,,,deam
710.mp3,,,0.55,0.512,,,,,,deam
711.mp3,,,0.238,0.262,,,,,,deam
712.mp3,,,0.3,0.538,,,,,,deam
713.mp3,,,0.488,0.662,,,,,,deam
714.mp3,,,0.425,0.475,,,,,,deam
715.mp3,,,0.238,0.412,,,,,,deam
717.mp3,,,0.438,0.488,,,,,,deam
718.mp3,,,0.612,0.688,,,,,,deam
719.mp3,,,0.762,0.775,,,,,,deam
721.mp3,,,0.588,0.562,,,,,,deam
722.mp3,,,0.588,0.75,,,,,,deam
723.mp3,,,0.688,0.775,,,,,,deam
724.mp3,,,0.625,0.638,,,,,,deam
725.mp3,,,0.512,0.512,,,,,,deam
726.mp3,,,0.75,0.325,,,,,,deam
727.mp3,,,0.412,0.438,,,,,,deam
728.mp3,,,0.738,0.812,,,,,,deam
729.mp3,,,0.675,0.312,,,,,,deam
730.mp3,,,0.338,0.438,,,,,,deam
731.mp3,,,0.788,0.6,,,,,,deam
732.mp3,,,0.575,0.662,,,,,,deam
733.mp3,,,0.412,0.5,,,,,,deam
734.mp3,,,0.588,0.662,,,,,,deam
735.mp3,,,0.412,0.488,,,,,,deam
736.mp3,,,0.213,0.338,,,,,,deam
737.mp3,,,0.387,0.488,,,,,,deam
738.mp3,,,0.562,0.65,,,,,,deam
739.mp3,,,0.65,0.738,,,,,,deam
740.mp3,,,0.338,0.375,,,,,,deam
741.mp3,,,0.45,0.425,,,,,,deam
742.mp3,,,0.638,0.688,,,,,,deam
743.mp3,,,0.262,0.5,,,,,,deam
744.mp3,,,0.638,0.562,,,,,,deam
745.mp3,,,0.4,0.075,,,,,,deam
746.mp3,,,0.338,0.45,,,,,,deam
747.mp3,,,0.325,0.488,,,,,,deam
748.mp3,,,0.512,0.425,,,,,,deam
749.mp3,,,0.4,0.488,,,,,,deam
750.mp3,,,0.538,0.588,,,,,,deam
756.mp3,,,0.612,0.725,,,,,,deam
757.mp3,,,0.625,0.638,,,,,,deam
758.mp3,,,0.475,0.612,,,,,,deam
759.mp3,,,0.712,0.612,,,,,,deam
763.mp3,,,0.312,0.562,,,,,,deam
764.mp3,,,0.662,0.812,,,,,,deam
767.mp3,,,0.525,0.688,,,,,,deam
769.mp3,,,0.65,0.5,,,,,,deam
773.mp3,,,0.438,0.462,,,,,,deam
775.mp3,,,0.338,0.425,,,,,,deam
776.mp3,,,0.312,0.438,,,,,,deam
777.mp3,,,0.65,0.512,,,,,,deam
779.mp3,,,0.225,0.538,,,,,,deam
780.mp3,,,0.6,0.65,,,,,,deam
781.mp3,,,0.488,0.662,,,,,,deam
782.mp3,,,0.775,0.462,,,,,,deam
784.mp3,,,0.462,0.588,,,,,,deam
787.mp3,,,0.638,0.662,,,,,,deam
789.mp3,,,0.362,0.525,,,,,,deam
790.mp3,,,0.775,0.55,,,,,,deam
791.mp3,,,0.213,0.45,,,,,,deam
794.mp3,,,0.188,0.4,,,,,,deam
795.mp3,,,0.15,0.312,,,,,,deam
796.mp3,,,0.525,0.512,,,,,,deam
797.mp3,,,0.488,0.55,,,,,,deam
798.mp3,,,0.688,0.612,,,,,,deam
799.mp3,,,0.387,0.575,,,,,,deam
800.mp3,,,0.438,0.438,,,,,,deam
801.mp3,,,0.288,0.312,,,,,,deam
804.mp3,,,0.738,0.725,,,,,,deam
805.mp3,,,0.15,0.312,,,,,,deam
806.mp3,,,0.675,0.7,,,,,,deam
807.mp3,,,0.475,0.688,,,,,,deam
808.mp3,,,0.262,0.412,,,,,,deam
810.mp3,,,0.688,0.7,,,,,,deam
811.mp3,,,0.387,0.488,,,,,,deam
813.mp3,,,0.65,0.712,,,,,,deam
814.mp3,,,0.638,0.538,,,,,,deam
815.mp3,,,0.562,0.612,,,,,,deam
818.mp3,,,0.612,0.725,,,,,,deam
819.mp3,,,0.375,0.588,,,,,,deam
820.mp3,,,0.675,0.675,,,,,,deam
823.mp3,,,0.475,0.475,,,,,,deam
824.mp3,,,0.775,0.75,,,,,,deam
825.mp3,,,0.387,0.588,,,,,,deam
826.mp3,,,0.375,0.462,,,,,,deam
829.mp3,,,0.162,0.438,,,,,,deam
830.mp3,,,0.538,0.612,,,,,,deam
831.mp3,,,0.525,0.65,,,,,,deam
833.mp3,,,0.5,0.6,,,,,,deam
834.mp3,,,0.462,0.412,,,,,,deam
836.mp3,,,0.762,0.588,,,,,,deam
839.mp3,,,0.588,0.425,,,,,,deam
841.mp3,,,0.4,0.462,,,,,,deam
844.mp3,,,0.35,0.3,,,,,,deam
845.mp3,,,0.512,0.375,,,,,,deam
846.mp3,,,0.625,0.562,,,,,,deam
848.mp3,,,0.15,0.213,,,,,,deam
850.mp3,,,0.325,0.262,,,,,,deam
851.mp3,,,0.5,0.425,,,,,,deam
852.mp3,,,0.438,0.462,,,,,,deam
854.mp3,,,0.238,0.35,,,,,,deam
855.mp3,,,0.238,0.438,,,,,,deam
856.mp3,,,0.712,0.575,,,,,,deam
857.mp3,,,0.488,0.538,,,,,,deam
858.mp3,,,0.425,0.438,,,,,,deam
859.mp3,,,0.325,0.512,,,,,,deam
860.mp3,,,0.7,0.712,,,,,,deam
863.mp3,,,0.675,0.75,,,,,,deam
864.mp3,,,0.588,0.612,,,,,,deam
865.mp3,,,0.225,0.45,,,,,,deam
866.mp3,,,0.6,0.512,,,,,,deam
867.mp3,,,0.6,0.688,,,,,,deam
869.mp3,,,0.2,0.387,,,,,,deam
871.mp3,,,0.675,0.625,,,,,,deam
872.mp3,,,0.3,0.562,,,,,,deam
873.mp3,,,0.725,0.75,,,,,,deam
874.mp3,,,0.662,0.425,,,,,,deam
876.mp3,,,0.662,0.712,,,,,,deam
879.mp3,,,0.575,0.625,,,,,,deam
880.mp3,,,0.488,0.35,,,,,,deam
882.mp3,,,0.538,0.525,,,,,,deam
884.mp3,,,0.562,0.5,,,,,,deam
886.mp3,,,0.612,0.55,,,,,,deam
887.mp3,,,0.512,0.575,,,,,,deam
889.mp3,,,0.738,0.775,,,,,,deam
890.mp3,,,0.325,0.462,,,,,,deam
891.mp3,,,0.3,0.562,,,,,,deam
892.mp3,,,0.362,0.238,,,,,,deam
893.mp3,,,0.788,0.288,,,,,,deam
897.mp3,,,0.488,0.412,,,,,,deam
898.mp3,,,0.675,0.562,,,,,,deam
899.mp3,,,0.538,0.662,,,,,,deam
902.mp3,,,0.75,0.288,,,,,,deam
903.mp3,,,0.612,0.575,,,,,,deam
904.mp3,,,0.588,0.4,,,,,,deam
908.mp3,,,0.562,0.488,,,,,,deam
909.mp3,,,0.625,0.562,,,,,,deam
910.mp3,,,0.75,0.7,,,,,,deam
911.mp3,,,0.762,0.375,,,,,,deam
913.mp3,,,0.475,0.288,,,,,,deam
915.mp3,,,0.5,0.525,,,,,,deam
921.mp3,,,0.612,0.638,,,,,,deam
924.mp3,,,0.55,0.65,,,,,,deam
925.mp3,,,0.488,0.588,,,,,,deam
926.mp3,,,0.375,0.562,,,,,,deam
928.mp3,,,0.5,0.375,,,,,,deam
931.mp3,,,0.662,0.688,,,,,,deam
932.mp3,,,0.438,0.488,,,,,,deam
934.mp3,,,0.65,0.675,,,,,,deam
936.mp3,,,0.55,0.462,,,,,,deam
938.mp3,,,0.788,0.4,,,,,,deam
939.mp3,,,0.65,0.213,,,,,,deam
941.mp3,,,0.775,0.612,,,,,,deam
942.mp3,,,0.475,0.387,,,,,,deam
944.mp3,,,0.762,0.688,,,,,,deam
945.mp3,,,0.162,0.225,,,,,,deam
949.mp3,,,0.588,0.638,,,,,,deam
952.mp3,,,0.4,0.338,,,,,,deam
954.mp3,,,0.512,0.562,,,,,,deam
955.mp3,,,0.35,0.575,,,,,,deam
956.mp3,,,0.438,0.55,,,,,,deam
957.mp3,,,0.225,0.462,,,,,,deam
958.mp3,,,0.562,0.512,,,,,,deam
959.mp3,,,0.65,0.675,,,,,,deam
960.mp3,,,0.838,0.838,,,,,,deam
961.mp3,,,0.575,0.562,,,,,,deam
962.mp3,,,0.8,0.3,,,,,,deam
964.mp3,,,0.825,0.75,,,,,,deam
967.mp3,,,0.225,0.425,,,,,,deam
968.mp3,,,0.35,0.275,,,,,,deam
970.mp3,,,0.7,0.7,,,,,,deam
973.mp3,,,0.688,0.45,,,,,,deam
974.mp3,,,0.387,0.4,,,,,,deam
976.mp3,,,0.65,0.612,,,,,,deam
977.mp3,,,0.788,0.312,,,,,,deam
978.mp3,,,0.838,0.638,,,,,,deam
979.mp3,,,0.262,0.562,,,,,,deam
980.mp3,,,0.6,0.412,,,,,,deam
981.mp3,,,0.712,0.7,,,,,,deam
983.mp3,,,0.475,0.662,,,,,,deam
985.mp3,,,0.362,0.638,,,,,,deam
986.mp3,,,0.6,0.438,,,,,,deam
987.mp3,,,0.662,0.325,,,,,,deam
988.mp3,,,0.55,0.612,,,,,,deam
989.mp3,,,0.662,0.675,,,,,,deam
990.mp3,,,0.625,0.638,,,,,,deam
991.mp3,,,0.262,0.312,,,,,,deam
993.mp3,,,0.425,0.35,,,,,,deam
994.mp3,,,0.7,0.538,,,,,,deam
995.mp3,,,0.462,0.175,,,,,,deam
996.mp3,,,0.625,0.712,,,,,,deam
997.mp3,,,0.675,0.712,,,,,,deam
999.mp3,,,0.387,0.612,,,,,,deam
1000.mp3,,,0.725,0.575,,,,,,deam
1001.mp3,,,0.425,0.35,,,,,,deam
1002.mp3,,,0.438,0.275,,,,,,deam
1003.mp3,,,0.538,0.288,,,,,,deam
1004.mp3,,,0.35,0.462,,,,,,deam
1005.mp3,,,0.55,0.512,,,,,,deam
1006.mp3,,,0.45,0.425,,,,,,deam
1007.mp3,,,0.525,0.55,,,,,,deam
1008.mp3,,,0.625,0.55,,,,,,deam
1009.mp3,,,0.312,0.338,,,,,,deam
1010.mp3,,,0.688,0.688,,,,,,deam
1011.mp3,,,0.438,0.25,,,,,,deam
1012.mp3,,,0.412,0.238,,,,,,deam
1013.mp3,,,0.275,0.312,,,,,,deam
1014.mp3,,,0.488,0.438,,,,,,deam
1015.mp3,,,0.612,0.662,,,,,,deam
1016.mp3,,,0.288,0.112,,,,,,deam
1017.mp3,,,0.387,0.35,,,,,,deam
1018.mp3,,,0.338,0.188,,,,,,deam
1019.mp3,,,0.412,0.225,,,,,,deam
1020.mp3,,,0.3,0.188,,,,,,deam
1021.mp3,,,0.65,0.475,,,,,,deam
1022.mp3,,,0.288,0.288,,,,,,deam
1023.mp3,,,0.238,0.162,,,,,,deam
1024.mp3,,,0.275,0.238,,,,,,deam
1025.mp3,,,0.512,0.638,,,,,,deam
1026.mp3,,,0.338,0.225,,,,,,deam
1027.mp3,,,0.45,0.35,,,,,,deam
1028.mp3,,,0.438,0.475,,,,,,deam
1029.mp3,,,0.362,0.438,,,,,,deam
1030.mp3,,,0.588,0.525,,,,,,deam
1031.mp3,,,0.475,0.5,,,,,,deam
1032.mp3,,,0.288,0.387,,,,,,deam
1033.mp3,,,0.538,0.575,,,,,,deam
1034.mp3,,,0.288,0.225,,,,,,deam
1035.mp3,,,0.412,0.4,,,,,,deam
1036.mp3,,,0.475,0.25,,,,,,deam
1037.mp3,,,0.5,0.425,,,,,,deam
1038.mp3,,,0.5,0.387,,,,,,deam
1039.mp3,,,0.662,0.45,,,,,,deam
1040.mp3,,,0.65,0.538,,,,,,deam
1041.mp3,,,0.575,0.55,,,,,,deam
1042.mp3,,,0.5,0.412,,,,,,deam
1043.mp3,,,0.488,0.5,,,,,,deam
1044.mp3,,,0.762,0.638,,,,,,deam
1045.mp3,,,0.425,0.262,,,,,,deam
1046.mp3,,,0.575,0.5,,,,,,deam
1047.mp3,,,0.538,0.425,,,,,,deam
1048.mp3,,,0.5,0.712,,,,,,deam
1049.mp3,,,0.538,0.712,,,,,,deam
1050.mp3,,,0.625,0.6,,,,,,deam
1051.mp3,,,0.525,0.538,,,,,,deam
1052.mp3,,,0.562,0.7,,,,,,deam
1053.mp3,,,0.438,0.662,,,,,,deam
1054.mp3,,,0.338,0.662,,,,,,deam
1055.mp3,,,0.338,0.662,,,,,,deam
1056.mp3,,,0.4,0.5,,,,,,deam
1057.mp3,,,0.462,0.762,,,,,,deam
1058.mp3,,,0.375,0.6,,,,,,deam
1059.mp3,,,0.462,0.812,,,,,,deam
1060.mp3,,,0.525,0.638,,,,,,deam
1061.mp3,,,0.688,0.65,,,,,,deam
1062.mp3,,,0.387,0.412,,,,,,deam
1063.mp3,,,0.525,0.675,,,,,,deam
1064.mp3,,,0.525,0.762,,,,,,deam
1065.mp3,,,0.625,0.675,,,,,,deam
1066.mp3,,,0.638,0.562,,,,,,deam
1067.mp3,,,0.375,0.3,,,,,,deam
1068.mp3,,,0.612,0.538,,,,,,deam
1069.mp3,,,0.412,0.575,,,,,,deam
1070.mp3,,,0.525,0.6,,,,,,deam
1071.mp3,,,0.688,0.538,,,,,,deam
1072.mp3,,,0.662,0.562,,,,,,deam
1073.mp3,,,0.525,0.35,,,,,,deam
1074.mp3,,,0.725,0.675,,,,,,deam
1075.mp3,,,0.675,0.7,,,,,,deam
1076.mp3,,,0.625,0.5,,,,,,deam
1077.mp3,,,0.675,0.475,,,,,,deam
1078.mp3,,,0.725,0.625,,,,,,deam
1079.mp3,,,0.738,0.575,,,,,,deam
1080.mp3,,,0.625,0.5,,,,,,deam
1081.mp3,,,0.5,0.312,,,,,,deam
1082.mp3,,,0.712,0.675,,,,,,deam
1083.mp3,,,0.638,0.7,,,,,,deam
1084.mp3,,,0.512,0.3,,,,,,deam
1085.mp3,,,0.638,0.525,,,,,,deam
1086.mp3,,,0.612,0.412,,,,,,deam
1087.mp3,,,0.625,0.675,,,,,,deam
1088.mp3,,,0.788,0.7,,,,,,deam
1089.mp3,,,0.675,0.7,,,,,,deam
1090.mp3,,,0.575,0.7,,,,,,deam
1091.mp3,,,0.588,0.6,,,,,,deam
1092.mp3,,,0.6,0.662,,,,,,deam
1093.mp3,,,0.6,0.625,,,,,,deam
1094.mp3,,,0.675,0.662,,,,,,deam
1095.mp3,,,0.65,0.65,,,,,,deam
1096.mp3,,,0.35,0.325,,,,,,deam
1097.mp3,,,0.562,0.55,,,,,,deam
1098.mp3,,,0.725,0.662,,,,,,deam
1099.mp3,,,0.588,0.612,,,,,,deam
1100.mp3,,,0.662,0.575,,,,,,deam
1101.mp3,,,0.338,0.175,,,,,,deam
1102.mp3,,,0.162,0.438,,,,,,deam
1103.mp3,,,0.325,0.312,,,,,,deam
1104.mp3,,,0.4,0.425,,,,,,deam
1105.mp3,,,0.35,0.338,,,,,,deam
1106.mp3,,,0.25,0.362,,,,,,deam
1107.mp3,,,0.25,0.275,,,,,,deam
1108.mp3,,,0.475,0.338,,,,,,deam
1109.mp3,,,0.4,0.175,,,,,,deam
1110.mp3,,,0.512,0.55,,,,,,deam
1111.mp3,,,0.275,0.238,,,,,,deam
1112.mp3,,,0.262,0.162,,,,,,deam
1113.mp3,,,0.3,0.25,,,,,,deam
1114.mp3,,,0.3,0.288,,,,,,deam
1115.mp3,,,0.425,0.362,,,,,,deam
1116.mp3,,,0.588,0.25,,,,,,deam
1117.mp3,,,0.4,0.3,,,,,,deam
1118.mp3,,,0.375,0.112,,,,,,deam
1119.mp3,,,0.3,0.138,,,,,,deam
1120.mp3,,,0.3,0.225,,,,,,deam
1121.mp3,,,0.362,0.162,,,,,,deam
1122.mp3,,,0.725,0.55,,,,,,deam
1123.mp3,,,0.262,0.262,,,,,,deam
1124.mp3,,,0.55,0.512,,,,,,deam
1125.mp3,,,0.488,0.25,,,,,,deam
1126.mp3,,,0.362,0.275,,,,,,deam
1127.mp3,,,0.3,0.25,,,,,,deam
1128.mp3,,,0.338,0.213,,,,,,deam
1129.mp3,,,0.312,0.175,,,,,,deam
1130.mp3,,,0.35,0.262,,,,,,deam
1131.mp3,,,0.438,0.3,,,,,,deam
1132.mp3,,,0.45,0.3,,,,,,deam
1133.mp3,,,0.5,0.175,,,,,,deam
1134.mp3,,,0.387,0.138,,,,,,deam
1135.mp3,,,0.262,0.213,,,,,,deam
1136.mp3,,,0.438,0.3,,,,,,deam
1137.mp3,,,0.412,0.4,,,,,,deam
1138.mp3,,,0.425,0.338,,,,,,deam
1139.mp3,,,0.512,0.188,,,,,,deam
1140.mp3,,,0.612,0.55,,,,,,deam
1141.mp3,,,0.438,0.325,,,,,,deam
1142.mp3,,,0.275,0.138,,,,,,deam
1143.mp3,,,0.35,0.512,,,,,,deam
1144.mp3,,,0.338,0.45,,,,,,deam
1145.mp3,,,0.462,0.175,,,,,,deam
1146.mp3,,,0.2,0.3,,,,,,deam
1147.mp3,,,0.45,0.325,,,,,,deam
1148.mp3,,,0.3,0.25,,,,,,deam
1149.mp3,,,0.375,0.2,,,,,,deam
1150.mp3,,,0.387,0.162,,,,,,deam
1151.mp3,,,0.5,0.575,,,,,,deam
1152.mp3,,,0.638,0.575,,,,,,deam
1153.mp3,,,0.362,0.188,,,,,,deam
1154.mp3,,,0.362,0.425,,,,,,deam
1155.mp3,,,0.4,0.412,,,,,,deam
1156.mp3,,,0.75,0.575,,,,,,deam
1157.mp3,,,0.738,0.638,,,,,,deam
1158.mp3,,,0.65,0.65,,,,,,deam
1159.mp3,,,0.6,0.625,,,,,,deam
1160.mp3,,,0.675,0.55,,,,,,deam
1161.mp3,,,0.387,0.188,,,,,,deam
1162.mp3,,,0.325,0.35,,,,,,deam
1163.mp3,,,0.65,0.538,,,,,,deam
1164.mp3,,,0.325,0.262,,,,,,deam
1165.mp3,,,0.312,0.225,,,,,,deam
1166.mp3,,,0.45,0.288,,,,,,deam
1167.mp3,,,0.325,0.225,,,,,,deam
1168.mp3,,,0.425,0.288,,,,,,deam
1169.mp3,,,0.362,0.225,,,,,,deam
1170.mp3,,,0.262,0.138,,,,,,deam
1171.mp3,,,0.325,0.112,,,,,,deam
1172.mp3,,,0.362,0.188,,,,,,deam
1173.mp3,,,0.412,0.375,,,,,,deam
1174.mp3,,,0.325,0.288,,,,,,deam
1175.mp3,,,0.338,0.3,,,,,,deam
1176.mp3,,,0.488,0.213,,,,,,deam
1177.mp3,,,0.525,0.288,,,,,,deam
1178.mp3,,,0.488,0.438,,,,,,deam
1179.mp3,,,0.3,0.387,,,,,,deam
1180.mp3,,,0.288,0.2,,,,,,deam
1181.mp3,,,0.338,0.425,,,,,,deam
1182.mp3,,,0.213,0.15,,,,,,deam
1183.mp3,,,0.338,0.275,,,,,,deam
1184.mp3,,,0.4,0.162,,,,,,deam
1185.mp3,,,0.65,0.475,,,,,,deam
1186.mp3,,,0.338,0.112,,,,,,deam
1187.mp3,,,0.425,0.387,,,,,,deam
1188.mp3,,,0.462,0.288,,,,,,deam
1189.mp3,,,0.475,0.275,,,,,,deam
1190.mp3,,,0.312,0.15,,,,,,deam
1191.mp3,,,0.425,0.2,,,,,,deam
1192.mp3,,,0.338,0.238,,,,,,deam
1193.mp3,,,0.425,0.362,,,,,,deam
1194.mp3,,,0.3,0.188,,,,,,deam
1195.mp3,,,0.4,0.375,,,,,,deam
1196.mp3,,,0.35,0.213,,,,,,deam
1197.mp3,,,0.362,0.225,,,,,,deam
1198.mp3,,,0.312,0.1,,,,,,deam
1199.mp3,,,0.438,0.312,,,,,,deam
1200.mp3,,,0.275,0.325,,,,,,deam
1201.mp3,,,0.625,0.562,,,,,,deam
1202.mp3,,,0.387,0.213,,,,,,deam
1203.mp3,,,0.375,0.3,,,,,,deam
1204.mp3,,,0.7,0.562,,,,,,deam
1205.mp3,,,0.625,0.588,,,,,,deam
1206.mp3,,,0.512,0.6,,,,,,deam
1207.mp3,,,0.462,0.3,,,,,,deam
1208.mp3,,,0.65,0.45,,,,,,deam
1209.mp3,,,0.425,0.213,,,,,,deam
1210.mp3,,,0.35,0.175,,,,,,deam
1211.mp3,,,0.562,0.462,,,,,,deam
1212.mp3,,,0.312,0.213,,,,,,deam
1213.mp3,,,0.262,0.225,,,,,,deam
1214.mp3,,,0.65,0.538,,,,,,deam
1215.mp3,,,0.65,0.575,,,,,,deam
1216.mp3,,,0.562,0.538,,,,,,deam
1217.mp3,,,0.362,0.2,,,,,,deam
1218.mp3,,,0.362,0.387,,,,,,deam
1219.mp3,,,0.412,0.15,,,,,,deam
1220.mp3,,,0.325,0.15,,,,,,deam
1221.mp3,,,0.55,0.538,,,,,,deam
1222.mp3,,,0.387,0.275,,,,,,deam
1223.mp3,,,0.45,0.575,,,,,,deam
1224.mp3,,,0.65,0.725,,,,,,deam
1225.mp3,,,0.3,0.45,,,,,,deam
1226.mp3,,,0.362,0.35,,,,,,deam
1227.mp3,,,0.462,0.588,,,,,,deam
1228.mp3,,,0.55,0.288,,,,,,deam
1229.mp3,,,0.525,0.412,,,,,,deam
1230.mp3,,,0.538,0.338,,,,,,deam
1231.mp3,,,0.562,0.688,,,,,,deam
1232.mp3,,,0.738,0.662,,,,,,deam
1233.mp3,,,0.562,0.475,,,,,,deam
1234.mp3,,,0.45,0.25,,,,,,deam
1235.mp3,,,0.488,0.6,,,,,,deam
1236.mp3,,,0.438,0.488,,,,,,deam
1237.mp3,,,0.387,0.288,,,,,,deam
1238.mp3,,,0.562,0.512,,,,,,deam
1239.mp3,,,0.662,0.712,,,,,,deam
1240.mp3,,,0.213,0.2,,,,,,deam
1241.mp3,,,0.387,0.338,,,,,,deam
1242.mp3,,,0.462,0.412,,,,,,deam
1243.mp3,,,0.6,0.588,,,,,,deam
1244.mp3,,,0.45,0.338,,,,,,deam
1245.mp3,,,0.675,0.538,,,,,,deam
1246.mp3,,,0.438,0.262,,,,,,deam
1247.mp3,,,0.425,0.662,,,,,,deam
1248.mp3,,,0.338,0.25,,,,,,deam
1249.mp3,,,0.512,0.575,,,,,,deam
1250.mp3,,,0.75,0.8,,,,,,deam
1251.mp3,,,0.738,0.662,,,,,,deam
1252.mp3,,,0.525,0.512,,,,,,deam
1253.mp3,,,0.387,0.25,,,,,,deam
1254.mp3,,,0.462,0.65,,,,,,deam
1255.mp3,,,0.3,0.125,,,,,,deam
1256.mp3,,,0.588,0.562,,,,,,deam
1257.mp3,,,0.5,0.35,,,,,,deam
1258.mp3,,,0.588,0.575,,,,,,deam
1259.mp3,,,0.325,0.225,,,,,,deam
1260.mp3,,,0.775,0.688,,,,,,deam
1261.mp3,,,0.35,0.262,,,,,,deam
1262.mp3,,,0.438,0.475,,,,,,deam
1263.mp3,,,0.6,0.512,,,,,,deam
1264.mp3,,,0.45,0.325,,,,,,deam
1265.mp3,,,0.6,0.562,,,,,,deam
1266.mp3,,,0.575,0.512,,,,,,deam
1267.mp3,,,0.438,0.338,,,,,,deam
1268.mp3,,,0.538,0.338,,,,,,deam
1269.mp3,,,0.312,0.425,,,,,,deam
1270.mp3,,,0.45,0.538,,,,,,deam
1271.mp3,,,0.45,0.462,,,,,,deam
1272.mp3,,,0.375,0.275,,,,,,deam
1273.mp3,,,0.475,0.575,,,,,,deam
1274.mp3,,,0.625,0.55,,,,,,deam
1275.mp3,,,0.312,0.225,,,,,,deam
1276.mp3,,,0.475,0.562,,,,,,deam
1277.mp3,,,0.238,0.15,,,,,,deam
1278.mp3,,,0.512,0.387,,,,,,deam
1279.mp3,,,0.575,0.4,,,,,,deam
1280.mp3,,,0.612,0.55,,,,,,deam
1281.mp3,,,0.55,0.438,,,,,,deam
1282.mp3,,,0.725,0.675,,,,,,deam
1283.mp3,,,0.288,0.525,,,,,,deam
1284.mp3,,,0.662,0.7,,,,,,deam
1285.mp3,,,0.512,0.488,,,,,,deam
1286.mp3,,,0.35,0.25,,,,,,deam
1287.mp3,,,0.438,0.412,,,,,,deam
1288.mp3,,,0.525,0.3,,,,,,deam
1289.mp3,,,0.5,0.425,,,,,,deam
1290.mp3,,,0.7,0.7,,,,,,deam
1291.mp3,,,0.325,0.188,,,,,,deam
1292.mp3,,,0.575,0.525,,,,,,deam
1293.mp3,,,0.588,0.512,,,,,,deam
1294.mp3,,,0.612,0.562,,,,,,deam
1295.mp3,,,0.738,0.675,,,,,,deam
1296.mp3,,,0.5,0.612,,,,,,deam
1297.mp3,,,0.475,0.338,,,,,,deam
1298.mp3,,,0.738,0.575,,,,,,deam
1299.mp3,,,0.438,0.462,,,,,,deam
1300.mp3,,,0.625,0.438,,,,,,deam
1301.mp3,,,0.425,0.225,,,,,,deam
1302.mp3,,,0.425,0.35,,,,,,deam
1303.mp3,,,0.638,0.688,,,,,,deam
1304.mp3,,,0.525,0.662,,,,,,deam
1305.mp3,,,0.462,0.65,,,,,,deam
1306.mp3,,,0.538,0.538,,,,,,deam
1307.mp3,,,0.512,0.55,,,,,,deam
1308.mp3,,,0.6,0.538,,,,,,deam
1309.mp3,,,0.688,0.8,,,,,,deam
1310.mp3,,,0.512,0.425,,,,,,deam
1311.mp3,,,0.387,0.312,,,,,,deam
1312.mp3,,,0.538,0.375,,,,,,deam
1313.mp3,,,0.4,0.25,,,,,,deam
1314.mp3,,,0.387,0.387,,,,,,deam
1315.mp3,,,0.75,0.675,,,,,,deam
1316.mp3,,,0.525,0.375,,,,,,deam
1317.mp3,,,0.538,0.65,,,,,,deam
1318.mp3,,,0.475,0.412,,,,,,deam
1319.mp3,,,0.688,0.575,,,,,,deam
1320.mp3,,,0.35,0.688,,,,,,deam
1321.mp3,,,0.438,0.588,,,,,,deam
1322.mp3,,,0.688,0.562,,,,,,deam
1323.mp3,,,0.562,0.5,,,,,,deam
1324.mp3,,,0.638,0.712,,,,,,deam
1325.mp3,,,0.612,0.6,,,,,,deam
1326.mp3,,,0.638,0.5,,,,,,deam
1327.mp3,,,0.562,0.225,,,,,,deam
1328.mp3,,,0.425,0.213,,,,,,deam
1329.mp3,,,0.538,0.4,,,,,,deam
1330.mp3,,,0.588,0.775,,,,,,deam
1331.mp3,,,0.538,0.425,,,,,,deam
1332.mp3,,,0.188,0.162,,,,,,deam
1333.mp3,,,0.438,0.588,,,,,,deam
1334.mp3,,,0.35,0.85,,,,,,deam
1335.mp3,,,0.55,0.575,,,,,,deam
1336.mp3,,,0.325,0.213,,,,,,deam
1337.mp3,,,0.5,0.688,,,,,,deam
1338.mp3,,,0.65,0.675,,,,,,deam
1339.mp3,,,0.775,0.725,,,,,,deam
1340.mp3,,,0.675,0.588,,,,,,deam
1341.mp3,,,0.312,0.275,,,,,,deam
1342.mp3,,,0.688,0.675,,,,,,deam
1343.mp3,,,0.625,0.55,,,,,,deam
1344.mp3,,,0.662,0.562,,,,,,deam
1345.mp3,,,0.438,0.238,,,,,,deam
1346.mp3,,,0.688,0.575,,,,,,deam
1347.mp3,,,0.45,0.375,,,,,,deam
1348.mp3,,,0.6,0.662,,,,,,deam
1349.mp3,,,0.525,0.525,,,,,,deam
1350.mp3,,,0.375,0.2,,,,,,deam
1351.mp3,,,0.662,0.612,,,,,,deam
1352.mp3,,,0.712,0.675,,,,,,deam
1353.mp3,,,0.538,0.675,,,,,,deam
1354.mp3,,,0.45,0.125,,,,,,deam
1355.mp3,,,0.662,0.35,,,,,,deam
1356.mp3,,,0.525,0.525,,,,,,deam
1357.mp3,,,0.438,0.625,,,,,,deam
1358.mp3,,,0.625,0.625,,,,,,deam
1359.mp3,,,0.325,0.3,,,,,,deam
1360.mp3,,,0.562,0.238,,,,,,deam
1361.mp3,,,0.425,0.188,,,,,,deam
1362.mp3,,,0.425,0.55,,,,,,deam
1363.mp3,,,0.512,0.325,,,,,,deam
1364.mp3,,,0.412,0.65,,,,,,deam
1365.mp3,,,0.688,0.675,,,,,,deam
1366.mp3,,,0.55,0.662,,,,,,deam
1367.mp3,,,0.762,0.775,,,,,,deam
1368.mp3,,,0.3,0.288,,,,,,deam
1369.mp3,,,0.725,0.7,,,,,,deam
1370.mp3,,,0.412,0.387,,,,,,deam
1371.mp3,,,0.588,0.55,,,,,,deam
1372.mp3,,,0.475,0.525,,,,,,deam
1373.mp3,,,0.7,0.588,,,,,,deam
1374.mp3,,,0.625,0.387,,,,,,deam
1375.mp3,,,0.575,0.575,,,,,,deam
1376.mp3,,,0.75,0.7,,,,,,deam
1377.mp3,,,0.338,0.262,,,,,,deam
1378.mp3,,,0.562,0.588,,,,,,deam
1379.mp3,,,0.6,0.588,,,,,,deam
1380.mp3,,,0.387,0.438,,,,,,deam
1381.mp3,,,0.638,0.762,,,,,,deam
1382.mp3,,,0.475,0.462,,,,,,deam
1383.mp3,,,0.575,0.25,,,,,,deam
1384.mp3,,,0.6,0.55,,,,,,deam
1385.mp3,,,0.625,0.625,,,,,,deam
1386.mp3,,,0.612,0.5,,,,,,deam
1387.mp3,,,0.638,0.438,,,,,,deam
1388.mp3,,,0.725,0.85,,,,,,deam
1389.mp3,,,0.4,0.288,,,,,,deam
1390.mp3,,,0.638,0.662,,,,,,deam
1391.mp3,,,0.412,0.588,,,,,,deam
1392.mp3,,,0.65,0.712,,,,,,deam
1393.mp3,,,0.65,0.387,,,,,,deam
1394.mp3,,,0.625,0.387,,,,,,deam
1395.mp3,,,0.462,0.312,,,,,,deam
1396.mp3,,,0.638,0.625,,,,,,deam
1397.mp3,,,0.412,0.288,,,,,,deam
1398.mp3,,,0.738,0.825,,,,,,deam
1399.mp3,,,0.638,0.675,,,,,,deam
1400.mp3,,,0.575,0.6,,,,,,deam
1401.mp3,,,0.6,0.538,,,,,,deam
1402.mp3,,,0.575,0.188,,,,,,deam
1403.mp3,,,0.575,0.512,,,,,,deam
1404.mp3,,,0.35,0.213,,,,,,deam
1405.mp3,,,0.338,0.15,,,,,,deam
1406.mp3,,,0.362,0.338,,,,,,deam
1407.mp3,,,0.325,0.35,,,,,,deam
1408.mp3,,,0.4,0.5,,,,,,deam
1409.mp3,,,0.488,0.338,,,,,,deam
1410.mp3,,,0.625,0.425,,,,,,deam
1411.mp3,,,0.362,0.213,,,,,,deam
1412.mp3,,,0.45,0.275,,,,,,deam
1413.mp3,,,0.412,0.387,,,,,,deam
1414.mp3,,,0.338,0.375,,,,,,deam
1415.mp3,,,0.588,0.462,,,,,,deam
1416.mp3,,,0.425,0.213,,,,,,deam
1417.mp3,,,0.45,0.175,,,,,,deam
1418.mp3,,,0.412,0.35,,,,,,deam
1419.mp3,,,0.338,0.188,,,,,,deam
1420.mp3,,,0.475,0.262,,,,,,deam
1421.mp3,,,0.4,0.275,,,,,,deam
1422.mp3,,,0.387,0.225,,,,,,deam
1423.mp3,,,0.4,0.562,,,,,,deam
1424.mp3,,,0.438,0.312,,,,,,deam
1425.mp3,,,0.512,0.525,,,,,,deam
1426.mp3,,,0.7,0.675,,,,,,deam
1427.mp3,,,0.5,0.488,,,,,,deam
1428.mp3,,,0.462,0.312,,,,,,deam
1429.mp3,,,0.25,0.162,,,,,,deam
1430.mp3,,,0.45,0.275,,,,,,deam
1431.mp3,,,0.387,0.387,,,,,,deam
1432.mp3,,,0.338,0.2,,,,,,deam
1433.mp3,,,0.375,0.325,,,,,,deam
1434.mp3,,,0.338,0.225,,,,,,deam
1435.mp3,,,0.325,0.538,,,,,,deam
1436.mp3,,,0.462,0.35,,,,,,deam
1437.mp3,,,0.512,0.438,,,,,,deam
1438.mp3,,,0.325,0.238,,,,,,deam
1439.mp3,,,0.387,0.238,,,,,,deam
1440.mp3,,,0.512,0.488,,,,,,deam
1441.mp3,,,0.5,0.375,,,,,,deam
1442.mp3,,,0.538,0.225,,,,,,deam
1443.mp3,,,0.6,0.238,,,,,,deam
1444.mp3,,,0.45,0.262,,,,,,deam
1445.mp3,,,0.512,0.325,,,,,,deam
1446.mp3,,,0.6,0.275,,,,,,deam
1447.mp3,,,0.425,0.387,,,,,,deam
1448.mp3,,,0.425,0.425,,,,,,deam
1449.mp3,,,0.45,0.387,,,,,,deam
1450.mp3,,,0.588,0.5,,,,,,deam
1451.mp3,,,0.512,0.475,,,,,,deam
1452.mp3,,,0.4,0.362,,,,,,deam
1453.mp3,,,0.375,0.35,,,,,,deam
1454.mp3,,,0.525,0.325,,,,,,deam
1455.mp3,,,0.387,0.4,,,,,,deam
1456.mp3,,,0.412,0.15,,,,,,deam
1457.mp3,,,0.55,0.475,,,,,,deam
1458.mp3,,,0.4,0.462,,,,,,deam
1459.mp3,,,0.55,0.512,,,,,,deam
1460.mp3,,,0.475,0.362,,,,,,deam
1461.mp3,,,0.538,0.4,,,,,,deam
1462.mp3,,,0.475,0.362,,,,,,deam
1463.mp3,,,0.288,0.25,,,,,,deam
1464.mp3,,,0.475,0.425,,,,,,deam
1465.mp3,,,0.525,0.338,,,,,,deam
1466.mp3,,,0.638,0.438,,,,,,deam
1467.mp3,,,0.375,0.4,,,,,,deam
1468.mp3,,,0.338,0.125,,,,,,deam
1469.mp3,,,0.262,0.275,,,,,,deam
1470.mp3,,,0.512,0.275,,,,,,deam
1471.mp3,,,0.788,0.725,,,,,,deam
1472.mp3,,,0.5,0.525,,,,,,deam
1473.mp3,,,0.638,0.625,,,,,,deam
1474.mp3,,,0.7,0.675,,,,,,deam
1475.mp3,,,0.412,0.275,,,,,,deam
1476.mp3,,,0.438,0.512,,,,,,deam
1477.mp3,,,0.512,0.438,,,,,,deam
1478.mp3,,,0.512,0.312,,,,,,deam
1479.mp3,,,0.5,0.512,,,,,,deam
1480.mp3,,,0.475,0.538,,,,,,deam
1481.mp3,,,0.362,0.338,,,,,,deam
1482.mp3,,,0.412,0.3,,,,,,deam
1483.mp3,,,0.362,0.35,,,,,,deam
1484.mp3,,,0.425,0.35,,,,,,deam
1485.mp3,,,0.462,0.35,,,,,,deam
1486.mp3,,,0.338,0.238,,,,,,deam
1487.mp3,,,0.412,0.175,,,,,,deam
1488.mp3,,,0.488,0.362,,,,,,deam
1489.mp3,,,0.488,0.45,,,,,,deam
1490.mp3,,,0.35,0.262,,,,,,deam
1491.mp3,,,0.475,0.525,,,,,,deam
1492.mp3,,,0.288,0.225,,,,,,deam
1493.mp3,,,0.375,0.638,,,,,,deam
1494.mp3,,,0.488,0.35,,,,,,deam
1495.mp3,,,0.425,0.362,,,,,,deam
1496.mp3,,,0.638,0.6,,,,,,deam
1497.mp3,,,0.425,0.325,,,,,,deam
1498.mp3,,,0.475,0.35,,,,,,deam
1499.mp3,,,0.475,0.438,,,,,,deam
1500.mp3,,,0.35,0.275,,,,,,deam
1501.mp3,,,0.5,0.488,,,,,,deam
1502.mp3,,,0.775,0.75,,,,,,deam
1503.mp3,,,0.612,0.387,,,,,,deam
1504.mp3,,,0.625,0.612,,,,,,deam
1505.mp3,,,0.4,0.488,,,,,,deam
1506.mp3,,,0.5,0.475,,,,,,deam
1507.mp3,,,0.562,0.588,,,,,,deam
1508.mp3,,,0.612,0.538,,,,,,deam
1509.mp3,,,0.612,0.55,,,,,,deam
1510.mp3,,,0.387,0.575,,,,,,deam
1511.mp3,,,0.562,0.575,,,,,,deam
1512.mp3,,,0.35,0.525,,,,,,deam
1513.mp3,,,0.638,0.662,,,,,,deam
1514.mp3,,,0.45,0.55,,,,,,deam
1515.mp3,,,0.425,0.475,,,,,,deam
1516.mp3,,,0.575,0.488,,,,,,deam
1517.mp3,,,0.625,0.5,,,,,,deam
1518.mp3,,,0.638,0.662,,,,,,deam
1519.mp3,,,0.5,0.575,,,,,,deam
1520.mp3,,,0.538,0.538,,,,,,deam
1521.mp3,,,0.475,0.488,,,,,,deam
1522.mp3,,,0.525,0.588,,,,,,deam
1523.mp3,,,0.738,0.475,,,,,,deam
1524.mp3,,,0.575,0.425,,,,,,deam
1525.mp3,,,0.438,0.438,,,,,,deam
1526.mp3,,,0.612,0.612,,,,,,deam
1527.mp3,,,0.438,0.462,,,,,,deam
1528.mp3,,,0.562,0.45,,,,,,deam
1529.mp3,,,0.55,0.588,,,,,,deam
1530.mp3,,,0.65,0.4,,,,,,deam
1531.mp3,,,0.512,0.475,,,,,,deam
1532.mp3,,,0.6,0.575,,,,,,deam
1533.mp3,,,0.525,0.538,,,,,,deam
1534.mp3,,,0.588,0.588,,,,,,deam
1535.mp3,,,0.55,0.538,,,,,,deam
1536.mp3,,,0.475,0.3,,,,,,deam
1537.mp3,,,0.612,0.3,,,,,,deam
1538.mp3,,,0.662,0.462,,,,,,deam
1539.mp3,,,0.425,0.462,,,,,,deam
1540.mp3,,,0.588,0.512,,,,,,deam
1541.mp3,,,0.525,0.45,,,,,,deam
1542.mp3,,,0.562,0.562,,,,,,deam
1543.mp3,,,0.638,0.55,,,,,,deam
1544.mp3,,,0.675,0.55,,,,,,deam
1545.mp3,,,0.475,0.475,,,,,,deam
1546.mp3,,,0.538,0.425,,,,,,deam
1547.mp3,,,0.375,0.6,,,,,,deam
1548.mp3,,,0.45,0.338,,,,,,deam
1549.mp3,,,0.488,0.525,,,,,,deam
1550.mp3,,,0.475,0.338,,,,,,deam
1551.mp3,,,0.575,0.55,,,,,,deam
1552.mp3,,,0.575,0.575,,,,,,deam
1553.mp3,,,0.575,0.612,,,,,,deam
1554.mp3,,,0.6,0.438,,,,,,deam
1555.mp3,,,0.425,0.238,,,,,,deam
1556.mp3,,,0.462,0.638,,,,,,deam
1557.mp3,,,0.562,0.662,,,,,,deam
1558.mp3,,,0.3,0.612,,,,,,deam
1559.mp3,,,0.6,0.525,,,,,,deam
1560.mp3,,,0.525,0.525,,,,,,deam
1561.mp3,,,0.5,0.625,,,,,,deam
1562.mp3,,,0.475,0.662,,,,,,deam
1563.mp3,,,0.512,0.588,,,,,,deam
1564.mp3,,,0.638,0.675,,,,,,deam
1565.mp3,,,0.45,0.488,,,,,,deam
1566.mp3,,,0.65,0.538,,,,,,deam
1567.mp3,,,0.375,0.5,,,,,,deam
1568.mp3,,,0.55,0.625,,,,,,deam
1569.mp3,,,0.575,0.6,,,,,,deam
1570.mp3,,,0.525,0.45,,,,,,deam
1571.mp3,,,0.425,0.738,,,,,,deam
1572.mp3,,,0.562,0.5,,,,,,deam
1573.mp3,,,0.488,0.325,,,,,,deam
1574.mp3,,,0.612,0.55,,,,,,deam
1575.mp3,,,0.525,0.512,,,,,,deam
1576.mp3,,,0.55,0.362,,,,,,deam
1577.mp3,,,0.525,0.462,,,,,,deam
1578.mp3,,,0.612,0.475,,,,,,deam
1579.mp3,,,0.6,0.488,,,,,,deam
1580.mp3,,,0.638,0.525,,,,,,deam
1581.mp3,,,0.688,0.638,,,,,,deam
1582.mp3,,,0.612,0.55,,,,,,deam
1583.mp3,,,0.575,0.525,,,,,,deam
1584.mp3,,,0.488,0.45,,,,,,deam
1585.mp3,,,0.5,0.362,,,,,,deam
1586.mp3,,,0.412,0.5,,,,,,deam
1587.mp3,,,0.5,0.562,,,,,,deam
1588.mp3,,,0.488,0.6,,,,,,deam
1589.mp3,,,0.6,0.638,,,,,,deam
1590.mp3,,,0.4,0.65,,,,,,deam
1591.mp3,,,0.612,0.462,,,,,,deam
1592.mp3,,,0.638,0.675,,,,,,deam
1593.mp3,,,0.462,0.312,,,,,,deam
1594.mp3,,,0.575,0.55,,,,,,deam
1595.mp3,,,0.575,0.612,,,,,,deam
1596.mp3,,,0.562,0.512,,,,,,deam
1597.mp3,,,0.562,0.5,,,,,,deam
1598.mp3,,,0.412,0.562,,,,,,deam
1599.mp3,,,0.325,0.387,,,,,,deam
1600.mp3,,,0.575,0.575,,,,,,deam
1601.mp3,,,0.5,0.538,,,,,,deam
1602.mp3,,,0.5,0.338,,,,,,deam
1603.mp3,,,0.55,0.362,,,,,,deam
1604.mp3,,,0.438,0.325,,,,,,deam
1605.mp3,,,0.575,0.375,,,,,,deam
1606.mp3,,,0.575,0.488,,,,,,deam
1607.mp3,,,0.438,0.25,,,,,,deam
1608.mp3,,,0.438,0.75,,,,,,deam
1609.mp3,,,0.675,0.688,,,,,,deam
1610.mp3,,,0.675,0.387,,,,,,deam
1611.mp3,,,0.588,0.65,,,,,,deam
1612.mp3,,,0.35,0.262,,,,,,deam
1613.mp3,,,0.65,0.7,,,,,,deam
1614.mp3,,,0.7,0.45,,,,,,deam
1615.mp3,,,0.588,0.45,,,,,,deam
1616.mp3,,,0.475,0.562,,,,,,deam
1617.mp3,,,0.638,0.612,,,,,,deam
1618.mp3,,,0.638,0.362,,,,,,deam
1619.mp3,,,0.525,0.538,,,,,,deam
1620.mp3,,,0.662,0.588,,,,,,deam
1621.mp3,,,0.638,0.625,,,,,,deam
1622.mp3,,,0.625,0.612,,,,,,deam
1623.mp3,,,0.575,0.538,,,,,,deam
1624.mp3,,,0.588,0.675,,,,,,deam
1625.mp3,,,0.488,0.425,,,,,,deam
1626.mp3,,,0.638,0.625,,,,,,deam
1627.mp3,,,0.425,0.362,,,,,,deam
1628.mp3,,,0.462,0.475,,,,,,deam
1629.mp3,,,0.675,0.662,,,,,,deam
1630.mp3,,,0.625,0.55,,,,,,deam
1631.mp3,,,0.588,0.475,,,,,,deam
1632.mp3,,,0.525,0.3,,,,,,deam
1633.mp3,,,0.688,0.662,,,,,,deam
1634.mp3,,,0.562,0.638,,,,,,deam
1635.mp3,,,0.725,0.638,,,,,,deam
1636.mp3,,,0.45,0.525,,,,,,deam
1637.mp3,,,0.562,0.325,,,,,,deam
1638.mp3,,,0.612,0.362,,,,,,deam
1639.mp3,,,0.538,0.538,,,,,,deam
1640.mp3,,,0.7,0.638,,,,,,deam
1641.mp3,,,0.45,0.538,,,,,,deam
1642.mp3,,,0.512,0.488,,,,,,deam
1643.mp3,,,0.425,0.412,,,,,,deam
1644.mp3,,,0.5,0.612,,,,,,deam
1645.mp3,,,0.6,0.588,,,,,,deam
1646.mp3,,,0.438,0.338,,,,,,deam
1647.mp3,,,0.762,0.6,,,,,,deam
1648.mp3,,,0.362,0.188,,,,,,deam
1649.mp3,,,0.638,0.625,,,,,,deam
1650.mp3,,,0.612,0.462,,,,,,deam
1651.mp3,,,0.475,0.625,,,,,,deam
1652.mp3,,,0.775,0.662,,,,,,deam
1653.mp3,,,0.412,0.262,,,,,,deam
1654.mp3,,,0.475,0.262,,,,,,deam
1655.mp3,,,0.638,0.638,,,,,,deam
1656.mp3,,,0.462,0.375,,,,,,deam
1657.mp3,,,0.575,0.588,,,,,,deam
1658.mp3,,,0.65,0.612,,,,,,deam
1659.mp3,,,0.45,0.45,,,,,,deam
1660.mp3,,,0.525,0.562,,,,,,deam
1661.mp3,,,0.588,0.662,,,,,,deam
1662.mp3,,,0.638,0.625,,,,,,deam
1663.mp3,,,0.45,0.488,,,,,,deam
1664.mp3,,,0.4,0.375,,,,,,deam
1665.mp3,,,0.575,0.588,,,,,,deam
1666.mp3,,,0.35,0.288,,,,,,deam
1667.mp3,,,0.625,0.812,,,,,,deam
1668.mp3,,,0.562,0.562,,,,,,deam
1669.mp3,,,0.562,0.488,,,,,,deam
1670.mp3,,,0.612,0.55,,,,,,deam
1671.mp3,,,0.4,0.288,,,,,,deam
1672.mp3,,,0.425,0.2,,,,,,deam
1673.mp3,,,0.638,0.612,,,,,,deam
1674.mp3,,,0.5,0.538,,,,,,deam
1675.mp3,,,0.562,0.588,,,,,,deam
1676.mp3,,,0.575,0.488,,,,,,deam
1677.mp3,,,0.725,0.675,,,,,,deam
1678.mp3,,,0.512,0.4,,,,,,deam
1679.mp3,,,0.55,0.575,,,,,,deam
1680.mp3,,,0.725,0.638,,,,,,deam
1681.mp3,,,0.5,0.312,,,,,,deam
1682.mp3,,,0.638,0.6,,,,,,deam
1683.mp3,,,0.625,0.475,,,,,,deam
1684.mp3,,,0.512,0.5,,,,,,deam
1685.mp3,,,0.55,0.438,,,,,,deam
1686.mp3,,,0.338,0.288,,,,,,deam
1687.mp3,,,0.512,0.462,,,,,,deam
1688.mp3,,,0.525,0.462,,,,,,deam
1689.mp3,,,0.762,0.675,,,,,,deam
1690.mp3,,,0.55,0.45,,,,,,deam
1691.mp3,,,0.338,0.325,,,,,,deam
1692.mp3,,,0.35,0.288,,,,,,deam
1693.mp3,,,0.425,0.35,,,,,,deam
1694.mp3,,,0.438,0.638,,,,,,deam
1695.mp3,,,0.588,0.575,,,,,,deam
1696.mp3,,,0.35,0.288,,,,,,deam
1697.mp3,,,0.288,0.225,,,,,,deam
1698.mp3,,,0.438,0.438,,,,,,deam
1699.mp3,,,0.512,0.5,,,,,,deam
1700.mp3,,,0.575,0.5,,,,,,deam
1701.mp3,,,0.375,0.262,,,,,,deam
1702.mp3,,,0.387,0.362,,,,,,deam
1703.mp3,,,0.538,0.712,,,,,,deam
1704.mp3,,,0.538,0.675,,,,,,deam
1705.mp3,,,0.375,0.425,,,,,,deam
1706.mp3,,,0.488,0.375,,,,,,deam
1707.mp3,,,0.312,0.375,,,,,,deam
1708.mp3,,,0.4,0.325,,,,,,deam
1709.mp3,,,0.375,0.35,,,,,,deam
1710.mp3,,,0.325,0.238,,,,,,deam
1711.mp3,,,0.5,0.275,,,,,,deam
1712.mp3,,,0.425,0.238,,,,,,deam
1713.mp3,,,0.65,0.588,,,,,,deam
1714.mp3,,,0.638,0.375,,,,,,deam
1715.mp3,,,0.612,0.575,,,,,,deam
1716.mp3,,,0.6,0.55,,,,,,deam
1717.mp3,,,0.625,0.475,,,,,,deam
1718.mp3,,,0.462,0.312,,,,,,deam
1719.mp3,,,0.5,0.288,,,,,,deam
1720.mp3,,,0.812,0.625,,,,,,deam
1721.mp3,,,0.4,0.238,,,,,,deam
1722.mp3,,,0.5,0.262,,,,,,deam
1723.mp3,,,0.412,0.3,,,,,,deam
1724.mp3,,,0.338,0.288,,,,,,deam
1725.mp3,,,0.525,0.425,,,,,,deam
1726.mp3,,,0.45,0.275,,,,,,deam
1727.mp3,,,0.488,0.462,,,,,,deam
1728.mp3,,,0.262,0.462,,,,,,deam
1729.mp3,,,0.512,0.55,,,,,,deam
1730.mp3,,,0.538,0.362,,,,,,deam
1731.mp3,,,0.4,0.325,,,,,,deam
1732.mp3,,,0.4,0.25,,,,,,deam
1733.mp3,,,0.35,0.288,,,,,,deam
1734.mp3,,,0.512,0.525,,,,,,deam
1735.mp3,,,0.462,0.25,,,,,,deam
1736.mp3,,,0.462,0.262,,,,,,deam
1737.mp3,,,0.325,0.325,,,,,,deam
1738.mp3,,,0.225,0.475,,,,,,deam
1739.mp3,,,0.338,0.225,,,,,,deam
1740.mp3,,,0.538,0.412,,,,,,deam
1741.mp3,,,0.288,0.312,,,,,,deam
1742.mp3,,,0.725,0.512,,,,,,deam
1743.mp3,,,0.725,0.688,,,,,,deam
1744.mp3,,,0.488,0.412,,,,,,deam
1745.mp3,,,0.762,0.612,,,,,,deam
1746.mp3,,,0.588,0.475,,,,,,deam
1747.mp3,,,0.412,0.238,,,,,,deam
1748.mp3,,,0.55,0.387,,,,,,deam
1749.mp3,,,0.712,0.45,,,,,,deam
1750.mp3,,,0.462,0.538,,,,,,deam
1751.mp3,,,0.387,0.412,,,,,,deam
1752.mp3,,,0.562,0.638,,,,,,deam
1753.mp3,,,0.275,0.3,,,,,,deam
1754.mp3,,,0.4,0.175,,,,,,deam
1755.mp3,,,0.675,0.588,,,,,,deam
1756.mp3,,,0.425,0.362,,,,,,deam
1757.mp3,,,0.5,0.262,,,,,,deam
1758.mp3,,,0.55,0.25,,,,,,deam
1759.mp3,,,0.55,0.462,,,,,,deam
1760.mp3,,,0.412,0.387,,,,,,deam
1761.mp3,,,0.862,0.762,,,,,,deam
1762.mp3,,,0.638,0.55,,,,,,deam
1763.mp3,,,0.425,0.312,,,,,,deam
1764.mp3,,,0.488,0.375,,,,,,deam
1765.mp3,,,0.6,0.45,,,,,,deam
1766.mp3,,,0.338,0.25,,,,,,deam
1767.mp3,,,0.35,0.175,,,,,,deam
1768.mp3,,,0.387,0.262,,,,,,deam
1769.mp3,,,0.612,0.538,,,,,,deam
1770.mp3,,,0.438,0.238,,,,,,deam
1771.mp3,,,0.488,0.538,,,,,,deam
1772.mp3,,,0.575,0.412,,,,,,deam
1773.mp3,,,0.55,0.387,,,,,,deam
1774.mp3,,,0.488,0.475,,,,,,deam
1775.mp3,,,0.45,0.25,,,,,,deam
1776.mp3,,,0.475,0.35,,,,,,deam
1777.mp3,,,0.538,0.425,,,,,,deam
1778.mp3,,,0.425,0.275,,,,,,deam
1779.mp3,,,0.588,0.238,,,,,,deam
1780.mp3,,,0.475,0.312,,,,,,deam
1781.mp3,,,0.4,0.213,,,,,,deam
1782.mp3,,,0.462,0.525,,,,,,deam
1783.mp3,,,0.4,0.288,,,,,,deam
1784.mp3,,,0.562,0.512,,,,,,deam
1785.mp3,,,0.575,0.525,,,,,,deam
1786.mp3,,,0.4,0.262,,,,,,deam
1787.mp3,,,0.362,0.3,,,,,,deam
1788.mp3,,,0.325,0.625,,,,,,deam
1789.mp3,,,0.612,0.512,,,,,,deam
1790.mp3,,,0.35,0.288,,,,,,deam
1791.mp3,,,0.538,0.288,,,,,,deam
1792.mp3,,,0.638,0.512,,,,,,deam
1793.mp3,,,0.512,0.4,,,,,,deam
1794.mp3,,,0.4,0.338,,,,,,deam
1795.mp3,,,0.362,0.25,,,,,,deam
1796.mp3,,,0.6,0.625,,,,,,deam
1797.mp3,,,0.325,0.387,,,,,,deam
1798.mp3,,,0.588,0.375,,,,,,deam
1799.mp3,,,0.6,0.438,,,,,,deam
1800.mp3,,,0.3,0.2,,,,,,deam
1801.mp3,,,0.3,0.225,,,,,,deam
1802.mp3,,,0.588,0.7,,,,,,deam
1803.mp3,,,0.387,0.325,,,,,,deam
1804.mp3,,,0.588,0.612,,,,,,deam
1805.mp3,,,0.588,0.488,,,,,,deam
1806.mp3,,,0.688,0.65,,,,,,deam
1807.mp3,,,0.588,0.538,,,,,,deam
1808.mp3,,,0.55,0.538,,,,,,deam
1809.mp3,,,0.375,0.387,,,,,,deam
1810.mp3,,,0.387,0.375,,,,,,deam
1811.mp3,,,0.45,0.462,,,,,,deam
1812.mp3,,,0.5,0.5,,,,,,deam
1813.mp3,,,0.638,0.588,,,,,,deam
1814.mp3,,,0.625,0.6,,,,,,deam
1815.mp3,,,0.675,0.6,,,,,,deam
1816.mp3,,,0.5,0.438,,,,,,deam
1817.mp3,,,0.7,0.625,,,,,,deam
1818.mp3,,,0.412,0.275,,,,,,deam
1819.mp3,,,0.387,0.387,,,,,,deam
1820.mp3,,,0.438,0.425,,,,,,deam
1821.mp3,,,0.65,0.7,,,,,,deam
1822.mp3,,,0.462,0.312,,,,,,deam
1823.mp3,,,0.213,0.575,,,,,,deam
1824.mp3,,,0.65,0.588,,,,,,deam
1825.mp3,,,0.475,0.438,,,,,,deam
1826.mp3,,,0.512,0.338,,,,,,deam
1827.mp3,,,0.575,0.712,,,,,,deam
1828.mp3,,,0.6,0.7,,,,,,deam
1829.mp3,,,0.475,0.325,,,,,,deam
1830.mp3,,,0.588,0.538,,,,,,deam
1831.mp3,,,0.65,0.575,,,,,,deam
1832.mp3,,,0.588,0.525,,,,,,deam
1833.mp3,,,0.438,0.275,,,,,,deam
1834.mp3,,,0.662,0.588,,,,,,deam
1835.mp3,,,0.538,0.275,,,,,,deam
1836.mp3,,,0.575,0.45,,,,,,deam
1837.mp3,,,0.4,0.238,,,,,,deam
1838.mp3,,,0.45,0.5,,,,,,deam
1839.mp3,,,0.625,0.588,,,,,,deam
1840.mp3,,,0.475,0.55,,,,,,deam
1841.mp3,,,0.45,0.262,,,,,,deam
1842.mp3,,,0.6,0.662,,,,,,deam
1843.mp3,,,0.488,0.462,,,,,,deam
1844.mp3,,,0.638,0.562,,,,,,deam
1845.mp3,,,0.612,0.612,,,,,,deam
1846.mp3,,,0.6,0.6,,,,,,deam
1847.mp3,,,0.275,0.2,,,,,,deam
1848.mp3,,,0.562,0.5,,,,,,deam
1849.mp3,,,0.625,0.6,,,,,,deam
1850.mp3,,,0.338,0.213,,,,,,deam
1851.mp3,,,0.45,0.288,,,,,,deam
1852.mp3,,,0.387,0.462,,,,,,deam
1853.mp3,,,0.688,0.588,,,,,,deam
1854.mp3,,,0.525,0.438,,,,,,deam
1855.mp3,,,0.55,0.625,,,,,,deam
1856.mp3,,,0.638,0.712,,,,,,deam
1857.mp3,,,0.538,0.5,,,,,,deam
1858.mp3,,,0.525,0.575,,,,,,deam
1859.mp3,,,0.525,0.5,,,,,,deam
1860.mp3,,,0.338,0.312,,,,,,deam
1861.mp3,,,0.512,0.5,,,,,,deam
1862.mp3,,,0.512,0.488,,,,,,deam
1863.mp3,,,0.675,0.588,,,,,,deam
1864.mp3,,,0.638,0.8,,,,,,deam
1865.mp3,,,0.725,0.612,,,,,,deam
1866.mp3,,,0.475,0.438,,,,,,deam
1867.mp3,,,0.4,0.375,,,,,,deam
1868.mp3,,,0.6,0.5,,,,,,deam
1869.mp3,,,0.387,0.338,,,,,,deam
1870.mp3,,,0.55,0.575,,,,,,deam
1871.mp3,,,0.675,0.7,,,,,,deam
1872.mp3,,,0.438,0.4,,,,,,deam
1873.mp3,,,0.462,0.3,,,,,,deam
1874.mp3,,,0.5,0.662,,,,,,deam
1875.mp3,,,0.662,0.65,,,,,,deam
1876.mp3,,,0.662,0.5,,,,,,deam
1877.mp3,,,0.65,0.562,,,,,,deam
1878.mp3,,,0.712,0.662,,,,,,deam
1879.mp3,,,0.55,0.675,,,,,,deam
1880.mp3,,,0.55,0.275,,,,,,deam
1881.mp3,,,0.5,0.525,,,,,,deam
1882.mp3,,,0.562,0.65,,,,,,deam
1883.mp3,,,0.575,0.438,,,,,,deam
1884.mp3,,,0.688,0.575,,,,,,deam
1885.mp3,,,0.362,0.362,,,,,,deam
1886.mp3,,,0.387,0.25,,,,,,deam
1887.mp3,,,0.625,0.6,,,,,,deam
1888.mp3,,,0.3,0.275,,,,,,deam
1889.mp3,,,0.575,0.562,,,,,,deam
1890.mp3,,,0.625,0.6,,,,,,deam
1891.mp3,,,0.5,0.312,,,,,,deam
1892.mp3,,,0.512,0.638,,,,,,deam
1893.mp3,,,0.662,0.65,,,,,,deam
1894.mp3,,,0.475,0.475,,,,,,deam
1895.mp3,,,0.688,0.612,,,,,,deam
1896.mp3,,,0.488,0.138,,,,,,deam
1897.mp3,,,0.4,0.35,,,,,,deam
1898.mp3,,,0.512,0.4,,,,,,deam
1899.mp3,,,0.5,0.387,,,,,,deam
1900.mp3,,,0.688,0.712,,,,,,deam
1901.mp3,,,0.525,0.675,,,,,,deam
1902.mp3,,,0.425,0.788,,,,,,deam
1903.mp3,,,0.275,0.738,,,,,,deam
1904.mp3,,,0.387,0.3,,,,,,deam
1905.mp3,,,0.338,0.688,,,,,,deam
1906.mp3,,,0.425,0.65,,,,,,deam
1907.mp3,,,0.488,0.688,,,,,,deam
1908.mp3,,,0.525,0.512,,,,,,deam
1909.mp3,,,0.488,0.5,,,,,,deam
1910.mp3,,,0.35,0.288,,,,,,deam
1911.mp3,,,0.412,0.55,,,,,,deam
1912.mp3,,,0.55,0.562,,,,,,deam
1913.mp3,,,0.625,0.688,,,,,,deam
1914.mp3,,,0.538,0.662,,,,,,deam
1915.mp3,,,0.662,0.688,,,,,,deam
1916.mp3,,,0.55,0.662,,,,,,deam
1917.mp3,,,0.387,0.45,,,,,,deam
1918.mp3,,,0.3,0.45,,,,,,deam
1919.mp3,,,0.438,0.55,,,,,,deam
1920.mp3,,,0.588,0.675,,,,,,deam
1921.mp3,,,0.425,0.688,,,,,,deam
1922.mp3,,,0.575,0.6,,,,,,deam
1923.mp3,,,0.675,0.65,,,,,,deam
1924.mp3,,,0.538,0.588,,,,,,deam
1925.mp3,,,0.488,0.438,,,,,,deam
1926.mp3,,,0.525,0.638,,,,,,deam
1927.mp3,,,0.575,0.45,,,,,,deam
1928.mp3,,,0.338,0.575,,,,,,deam
1929.mp3,,,0.512,0.712,,,,,,deam
1930.mp3,,,0.45,0.375,,,,,,deam
1931.mp3,,,0.462,0.562,,,,,,deam
1932.mp3,,,0.475,0.625,,,,,,deam
1933.mp3,,,0.525,0.75,,,,,,deam
1934.mp3,,,0.6,0.35,,,,,,deam
1935.mp3,,,0.462,0.425,,,,,,deam
1936.mp3,,,0.238,0.25,,,,,,deam
1937.mp3,,,0.412,0.362,,,,,,deam
1938.mp3,,,0.575,0.75,,,,,,deam
1939.mp3,,,0.425,0.275,,,,,,deam
1940.mp3,,,0.512,0.575,,,,,,deam
1941.mp3,,,0.525,0.425,,,,,,deam
1942.mp3,,,0.675,0.725,,,,,,deam
1943.mp3,,,0.4,0.425,,,,,,deam
1944.mp3,,,0.638,0.512,,,,,,deam
1945.mp3,,,0.625,0.638,,,,,,deam
1946.mp3,,,0.375,0.625,,,,,,deam
1947.mp3,,,0.5,0.8,,,,,,deam
1948.mp3,,,0.375,0.712,,,,,,deam
1949.mp3,,,0.15,0.512,,,,,,deam
1950.mp3,,,0.35,0.3,,,,,,deam
1951.mp3,,,0.45,0.375,,,,,,deam
1952.mp3,,,0.387,0.425,,,,,,deam
1953.mp3,,,0.512,0.425,,,,,,deam
1954.mp3,,,0.712,0.588,,,,,,deam
1955.mp3,,,0.562,0.688,,,,,,deam
1956.mp3,,,0.55,0.612,,,,,,deam
1957.mp3,,,0.475,0.475,,,,,,deam
1958.mp3,,,0.475,0.512,,,,,,deam
1959.mp3,,,0.462,0.6,,,,,,deam
1960.mp3,,,0.438,0.712,,,,,,deam
1961.mp3,,,0.612,0.538,,,,,,deam
1962.mp3,,,0.425,0.5,,,,,,deam
1963.mp3,,,0.362,0.562,,,,,,deam
1964.mp3,,,0.325,0.712,,,,,,deam
1965.mp3,,,0.288,0.312,,,,,,deam
1966.mp3,,,0.325,0.5,,,,,,deam
1967.mp3,,,0.462,0.738,,,,,,deam
1968.mp3,,,0.45,0.648,,,,,,deam
1969.mp3,,,0.338,0.588,,,,,,deam
1970.mp3,,,0.612,0.762,,,,,,deam
1971.mp3,,,0.562,0.562,,,,,,deam
1972.mp3,,,0.625,0.612,,,,,,deam
1973.mp3,,,0.412,0.412,,,,,,deam
1974.mp3,,,0.3,0.462,,,,,,deam
1975.mp3,,,0.462,0.575,,,,,,deam
1976.mp3,,,0.488,0.55,,,,,,deam
1977.mp3,,,0.462,0.525,,,,,,deam
1978.mp3,,,0.688,0.688,,,,,,deam
1979.mp3,,,0.562,0.775,,,,,,deam
1980.mp3,,,0.562,0.55,,,,,,deam
1981.mp3,,,0.512,0.6,,,,,,deam
1982.mp3,,,0.438,0.438,,,,,,deam
1983.mp3,,,0.238,0.3,,,,,,deam
1984.mp3,,,0.338,0.238,,,,,,deam
1985.mp3,,,0.475,0.575,,,,,,deam
1986.mp3,,,0.375,0.512,,,,,,deam
1987.mp3,,,0.688,0.662,,,,,,deam
1988.mp3,,,0.562,0.6,,,,,,deam
1989.mp3,,,0.5,0.588,,,,,,deam
1990.mp3,,,0.4,0.387,,,,,,deam
1991.mp3,,,0.5,0.625,,,,,,deam
1992.mp3,,,0.488,0.725,,,,,,deam
1993.mp3,,,0.312,0.75,,,,,,deam
1994.mp3,,,0.35,0.312,,,,,,deam
1995.mp3,,,0.462,0.462,,,,,,deam
1996.mp3,,,0.362,0.612,,,,,,deam
1997.mp3,,,0.538,0.362,,,,,,deam
1998.mp3,,,0.675,0.65,,,,,,deam
1999.mp3,,,0.45,0.55,,,,,,deam
2000.mp3,,,0.6,0.625,,,,,,deam
2001.mp3,,,0.275,0.7,,,,,,deam
2002.mp3,,,0.675,0.525,,,,,,deam
2003.mp3,,,0.55,0.45,,,,,,deam
2004.mp3,,,0.5,0.475,,,,,,deam
2005.mp3,,,0.35,0.525,,,,,,deam
2006.mp3,,,0.5,0.275,,,,,,deam
2007.mp3,,,0.3,0.425,,,,,,deam
2008.mp3,,,0.575,0.325,,,,,,deam
2009.mp3,,,0.525,0.4,,,,,,deam
2010.mp3,,,0.625,0.475,,,,,,deam
2011.mp3,,,0.4,0.5,,,,,,deam
2012.mp3,,,0.271,0.521,,,,,,deam
2013.mp3,,,0.55,0.575,,,,,,deam
2014.mp3,,,0.25,0.7,,,,,,deam
2015.mp3,,,0.7,0.55,,,,,,deam
2016.mp3,,,0.775,0.575,,,,,,deam
2017.mp3,,,0.709,0.688,,,,,,deam
2018.mp3,,,0.688,0.666,,,,,,deam
2019.mp3,,,0.725,0.725,,,,,,deam
2020.mp3,,,0.725,0.6,,,,,,deam
2021.mp3,,,0.4,0.425,,,,,,deam
2022.mp3,,,0.35,0.425,,,,,,deam
2023.mp3,,,0.575,0.25,,,,,,deam
2024.mp3,,,0.675,0.425,,,,,,deam
2025.mp3,,,0.625,0.475,,,,,,deam
2026.mp3,,,0.575,0.375,,,,,,deam
2027.mp3,,,0.6,0.55,,,,,,deam
2028.mp3,,,0.3,0.65,,,,,,deam
2029.mp3,,,0.396,0.375,,,,,,deam
2030.mp3,,,0.4,0.65,,,,,,deam
2031.mp3,,,0.45,0.3,,,,,,deam
2032.mp3,,,0.525,0.425,,,,,,deam
2033.mp3,,,0.271,0.729,,,,,,deam
2034.mp3,,,0.65,0.45,,,,,,deam
2035.mp3,,,0.3,0.45,,,,,,deam
2036.mp3,,,0.354,0.459,,,,,,deam
2037.mp3,,,0.675,0.425,,,,,,deam
2038.mp3,,,0.375,0.35,,,,,,deam
2039.mp3,,,0.55,0.45,,,,,,deam
2040.mp3,,,0.325,0.75,,,,,,deam
2041.mp3,,,0.425,0.25,,,,,,deam
2042.mp3,,,0.475,0.45,,,,,,deam
2043.mp3,,,0.575,0.425,,,,,,deam
2044.mp3,,,0.675,0.525,,,,,,deam
2045.mp3,,,0.475,0.275,,,,,,deam
2046.mp3,,,0.562,0.521,,,,,,deam
2047.mp3,,,0.65,0.5,,,,,,deam
2048.mp3,,,0.65,0.325,,,,,,deam
2049.mp3,,,0.425,0.35,,,,,,deam
2050.mp3,,,0.425,0.325,,,,,,deam
2051.mp3,,,0.275,0.45,,,,,,deam
2052.mp3,,,0.275,0.525,,,,,,deam
2053.mp3,,,0.35,0.35,,,,,,deam
2054.mp3,,,0.55,0.325,,,,,,deam
2055.mp3,,,0.5,0.525,,,,,,deam
2056.mp3,,,0.5,0.45,,,,,,deam
2057.mp3,,,0.271,0.729,,,,,,deam
2058.mp3,,,0.35,0.6,,,,,,deam
